gnome-keyring-daemon: no process capabilities, insecure memory might get used
[
  {
    "success": true
  }
]
2026-03-23 11:20:34 - [swaybg-1.2.2/main.c:332] Found config DP-3 for output DP-3 (Samsung Electric Company S24D330 0x5A5A5131)
2026-03-23 11:20:34 - [swaybg-1.2.2/main.c:332] Found config DP-1 for output DP-1 (AOC 24G1WG4 0x000386FD)
discover_other_daemon: 1GNOME_KEYRING_CONTROL=/run/user/1000/keyring
Job for xdg-desktop-portal.service canceled.
F: Not sharing "/usr/share/icons" with sandbox: Path "/usr" is reserved by Flatpak
Failed to restart opentabletdriver.service: Unit opentabletdriver.service not found.
The XKEYBOARD keymap compiler (xkbcomp) reports:
> Warning:          Multiple symbols for level 1/group 1 on key <FK23>
>                   Using F23, ignoring XF86TouchpadOff
> Warning:          Symbol map for key <FK23> redefined
>                   Using last definition for conflicting fields
> Warning:          Symbol map for key <FK24> redefined
>                   Using last definition for conflicting fields
Errors from xkbcomp are not fatal to the X server
The XKEYBOARD keymap compiler (xkbcomp) reports:
> Warning:          Unsupported maximum keycode 709, clipping.
>                   X11 cannot support keycodes above 255.
> Warning:          Virtual modifier Hyper multiply defined
>                   Using 0, ignoring 0
> Warning:          Virtual modifier ScrollLock multiply defined
>                   Using 0, ignoring 0
Errors from xkbcomp are not fatal to the X server
The XKEYBOARD keymap compiler (xkbcomp) reports:
> Warning:          Multiple symbols for level 1/group 1 on key <FK23>
>                   Using F23, ignoring XF86TouchpadOff
> Warning:          Symbol map for key <FK23> redefined
>                   Using last definition for conflicting fields
> Warning:          Symbol map for key <FK24> redefined
>                   Using last definition for conflicting fields
Errors from xkbcomp are not fatal to the X server
[2026-03-23 11:20:35.354] [info] Using configuration file /home/vince/.config/waybar/config.jsonc
[2026-03-23 11:20:35.356] [info] Using CSS file /home/vince/.config/waybar/style.css
[2026-03-23 11:20:35.428] [warning] Can't open /dev/input/js3: ENODEV No such device
[2026-03-23 11:20:35.428] [warning] Can't open /dev/input/event260: ENODEV No such device
[2026-03-23 11:20:35.428] [warning] Can't open /dev/input/js2: ENOENT No such file or directory
[2026-03-23 11:20:35.428] [warning] Can't create libevdev device: EINVAL Invalid argument
[2026-03-23 11:20:35.548] [warning] Can't create libevdev device: EINVAL Invalid argument
[2026-03-23 11:20:35.564] [info] Found device Logitech USB Keyboard at '/dev/input/event11'
[2026-03-23 11:20:35.592] [info] Found device SONiX USB DEVICE at '/dev/input/event2'
[2026-03-23 11:20:35.620] [warning] Can't create libevdev device: EINVAL Invalid argument
[2026-03-23 11:20:35.724] [warning] Can't create libevdev device: EINVAL Invalid argument
[2026-03-23 11:20:35.741] [info] Found device Logitech USB Keyboard at '/dev/input/event11'
[2026-03-23 11:20:35.769] [info] Found device SONiX USB DEVICE at '/dev/input/event2'

** (waybar:1100): WARNING **: 11:20:35.973: Status Notifier Item with bus name ':1.31' and object path '/org/ayatana/NotificationItem/nm_applet' is already registered
[2026-03-23 11:20:35.974] [error] Item 'nm-applet': Could not find an icon named 'nm-no-connection-secure' and no pixmap given.
[2026-03-23 11:20:35.977] [error] Item 'nm-applet': Could not find an icon named 'nm-no-connection-secure' and no pixmap given.
[2026-03-23 11:20:36.103] [info] Bar configured (width: 1920, height: 29) for output: DP-3
[2026-03-23 11:20:36.103] [error] Item 'nm-applet': Could not find an icon named 'nm-no-connection-secure' and no pixmap given.
[2026-03-23 11:20:36.103] [info] Bar configured (width: 1920, height: 29) for output: DP-1
[2026-03-23 11:20:36.104] [error] Item 'nm-applet': Could not find an icon named 'nm-no-connection-secure' and no pixmap given.

** (waybar:1100): WARNING **: 11:20:36.335: Status Notifier Item with bus name ':1.31' and object path '/org/ayatana/NotificationItem/nm_applet' is already registered
easyeffects: presets_directory_manager.cpp:140	Old /home/vince/.var/app/com.github.wwmm.easyeffects/config/easyeffects/input directory detected. Migrating its files to /home/vince/.var/app/com.github.wwmm.easyeffects/data/easyeffects/input
easyeffects: presets_directory_manager.cpp:149	Could not copy any file. Aborting migration of /home/vince/.var/app/com.github.wwmm.easyeffects/config/easyeffects/input
easyeffects: presets_directory_manager.cpp:140	Old /home/vince/.var/app/com.github.wwmm.easyeffects/config/easyeffects/output directory detected. Migrating its files to /home/vince/.var/app/com.github.wwmm.easyeffects/data/easyeffects/output
easyeffects: presets_directory_manager.cpp:149	Could not copy any file. Aborting migration of /home/vince/.var/app/com.github.wwmm.easyeffects/config/easyeffects/output
easyeffects: presets_directory_manager.cpp:140	Old /home/vince/.var/app/com.github.wwmm.easyeffects/config/easyeffects/irs directory detected. Migrating its files to /home/vince/.var/app/com.github.wwmm.easyeffects/data/easyeffects/irs
easyeffects: presets_directory_manager.cpp:149	Could not copy any file. Aborting migration of /home/vince/.var/app/com.github.wwmm.easyeffects/config/easyeffects/irs
easyeffects: presets_directory_manager.cpp:140	Old /home/vince/.var/app/com.github.wwmm.easyeffects/config/easyeffects/rnnoise directory detected. Migrating its files to /home/vince/.var/app/com.github.wwmm.easyeffects/data/easyeffects/rnnoise
easyeffects: presets_directory_manager.cpp:149	Could not copy any file. Aborting migration of /home/vince/.var/app/com.github.wwmm.easyeffects/config/easyeffects/rnnoise
easyeffects: presets_directory_manager.cpp:140	Old /home/vince/.var/app/com.github.wwmm.easyeffects/config/easyeffects/autoload/input directory detected. Migrating its files to /home/vince/.var/app/com.github.wwmm.easyeffects/data/easyeffects/autoload/input
easyeffects: presets_directory_manager.cpp:149	Could not copy any file. Aborting migration of /home/vince/.var/app/com.github.wwmm.easyeffects/config/easyeffects/autoload/input
easyeffects: presets_directory_manager.cpp:140	Old /home/vince/.var/app/com.github.wwmm.easyeffects/config/easyeffects/autoload/output directory detected. Migrating its files to /home/vince/.var/app/com.github.wwmm.easyeffects/data/easyeffects/autoload/output
easyeffects: presets_directory_manager.cpp:149	Could not copy any file. Aborting migration of /home/vince/.var/app/com.github.wwmm.easyeffects/config/easyeffects/autoload/output

** (waybar:1100): WARNING **: 11:20:37.200: Status Notifier Item with bus name ':1.31' and object path '/org/ayatana/NotificationItem/nm_applet' is already registered
[2026-03-23 11:20:38.396] [error] Item 'nm-applet': Could not find an icon named 'nm-stage03-connecting01-secure' and no pixmap given.
[2026-03-23 11:20:38.397] [error] Item 'nm-applet': Could not find an icon named 'nm-stage03-connecting01-secure' and no pixmap given.
[2026-03-23 11:20:38.488] [error] Item 'nm-applet': Could not find an icon named 'nm-stage03-connecting02-secure' and no pixmap given.
[2026-03-23 11:20:38.488] [error] Item 'nm-applet': Could not find an icon named 'nm-stage03-connecting02-secure' and no pixmap given.
easyeffects: pw_manager.cpp:244	Could not find a node related to alsa_card.usb-C-Media_Electronics_Inc._USB_PnP_Sound_Device-00
easyeffects: pw_manager.cpp:244	Could not find a node related to alsa_card.usb-C-Media_Electronics_Inc._USB_PnP_Sound_Device-00
The XKEYBOARD keymap compiler (xkbcomp) reports:
> Warning:          Unsupported maximum keycode 709, clipping.
>                   X11 cannot support keycodes above 255.
> Warning:          Virtual modifier Hyper multiply defined
>                   Using 0, ignoring 0
> Warning:          Virtual modifier ScrollLock multiply defined
>                   Using 0, ignoring 0
Errors from xkbcomp are not fatal to the X server
The XKEYBOARD keymap compiler (xkbcomp) reports:
> Warning:          Unsupported maximum keycode 709, clipping.
>                   X11 cannot support keycodes above 255.
> Warning:          Virtual modifier Hyper multiply defined
>                   Using 0, ignoring 0
> Warning:          Virtual modifier ScrollLock multiply defined
>                   Using 0, ignoring 0
Errors from xkbcomp are not fatal to the X server
The XKEYBOARD keymap compiler (xkbcomp) reports:
> Warning:          Unsupported maximum keycode 709, clipping.
>                   X11 cannot support keycodes above 255.
> Warning:          Virtual modifier Hyper multiply defined
>                   Using 0, ignoring 0
> Warning:          Virtual modifier ScrollLock multiply defined
>                   Using 0, ignoring 0
Errors from xkbcomp are not fatal to the X server
[0.402] [PARSE ERROR] Unknown terminfo property: query-os-name
easyeffects: pw_manager.cpp:244	Could not find a node related to alsa_card.usb-C-Media_Electronics_Inc._USB_PnP_Sound_Device-00
easyeffects: pw_manager.cpp:244	Could not find a node related to alsa_card.usb-C-Media_Electronics_Inc._USB_PnP_Sound_Device-00
The XKEYBOARD keymap compiler (xkbcomp) reports:
> Warning:          Unsupported maximum keycode 709, clipping.
>                   X11 cannot support keycodes above 255.
> Warning:          Virtual modifier Hyper multiply defined
>                   Using 0, ignoring 0
> Warning:          Virtual modifier ScrollLock multiply defined
>                   Using 0, ignoring 0
Errors from xkbcomp are not fatal to the X server
[23.076] [glfw error 65544]: Unknown keymap format: 0
The XKEYBOARD keymap compiler (xkbcomp) reports:
> Warning:          Unsupported maximum keycode 709, clipping.
>                   X11 cannot support keycodes above 255.
> Warning:          Virtual modifier Hyper multiply defined
>                   Using 0, ignoring 0
> Warning:          Virtual modifier ScrollLock multiply defined
>                   Using 0, ignoring 0
Errors from xkbcomp are not fatal to the X server
The XKEYBOARD keymap compiler (xkbcomp) reports:
> Warning:          Unsupported maximum keycode 709, clipping.
>                   X11 cannot support keycodes above 255.
> Warning:          Virtual modifier Hyper multiply defined
>                   Using 0, ignoring 0
> Warning:          Virtual modifier ScrollLock multiply defined
>                   Using 0, ignoring 0
Errors from xkbcomp are not fatal to the X server
[0.123] [glfw error 65544]: Unknown keymap format: 0
[0.156] [PARSE ERROR] Unknown terminfo property: query-os-name
The XKEYBOARD keymap compiler (xkbcomp) reports:
> Warning:          Unsupported maximum keycode 709, clipping.
>                   X11 cannot support keycodes above 255.
> Warning:          Virtual modifier Hyper multiply defined
>                   Using 0, ignoring 0
> Warning:          Virtual modifier ScrollLock multiply defined
>                   Using 0, ignoring 0
Errors from xkbcomp are not fatal to the X server
[Parent 4359, Main Thread] WARNING: gdk_x11_window_get_xid: assertion 'GDK_IS_X11_WINDOW (window)' failed: 'glib warning', file waterfox-6.6.7/toolkit/xre/nsSigHandlers.cpp:201

(waterfox-default:4359): Gdk-CRITICAL **: 11:21:10.495: gdk_x11_window_get_xid: assertion 'GDK_IS_X11_WINDOW (window)' failed
console.debug: "Applying chrome://browser/content/overlays/tabfeatures.xhtml to chrome://browser/content/browser.xhtml"
console.debug: "Applying chrome://browser/content/overlays/privatetab.xhtml to chrome://browser/content/browser.xhtml"
console.debug: "Applying chrome://browser/content/overlays/statusbar.xhtml to chrome://browser/content/browser.xhtml"
console.error: "Error in processing browser-window-domcontentloaded for CustomizableUI.handleNewBrowserWindow"
console.error: (new TypeError("can't access property \"id\", aToolbar is null", "resource:///modules/CustomizableUI.sys.mjs", 1239))
[Parent 4359, Main Thread] WARNING: gdk_x11_window_get_xid: assertion 'GDK_IS_X11_WINDOW (window)' failed: 'glib warning', file waterfox-6.6.7/toolkit/xre/nsSigHandlers.cpp:201

(waterfox-default:4359): Gdk-CRITICAL **: 11:21:11.047: gdk_x11_window_get_xid: assertion 'GDK_IS_X11_WINDOW (window)' failed
[Parent 4359, Main Thread] WARNING: Unable to register object on bus: An object is already exported for the interface com.canonical.dbusmenu at /com/canonical/menu/0: 'glib warning', file waterfox-6.6.7/toolkit/xre/nsSigHandlers.cpp:201

(waterfox-default:4359): LIBDBUSMENU-GLIB-WARNING **: 11:21:11.047: Unable to register object on bus: An object is already exported for the interface com.canonical.dbusmenu at /com/canonical/menu/0
console.debug: "Applying chrome://browser/content/overlays/tabfeatures.xhtml to chrome://browser/content/browser.xhtml"
console.debug: "Applying chrome://browser/content/overlays/privatetab.xhtml to chrome://browser/content/browser.xhtml"
console.debug: "Applying chrome://browser/content/overlays/statusbar.xhtml to chrome://browser/content/browser.xhtml"
console.error: "Error in processing browser-window-domcontentloaded for CustomizableUI.handleNewBrowserWindow"
console.error: (new TypeError("can't access property \"id\", aToolbar is null", "resource:///modules/CustomizableUI.sys.mjs", 1239))
[Parent 4359, Main Thread] WARNING: gdk_x11_window_get_xid: assertion 'GDK_IS_X11_WINDOW (window)' failed: 'glib warning', file waterfox-6.6.7/toolkit/xre/nsSigHandlers.cpp:201

(waterfox-default:4359): Gdk-CRITICAL **: 11:21:16.967: gdk_x11_window_get_xid: assertion 'GDK_IS_X11_WINDOW (window)' failed
[Parent 4359, Main Thread] WARNING: Unable to register object on bus: An object is already exported for the interface com.canonical.dbusmenu at /com/canonical/menu/0: 'glib warning', file waterfox-6.6.7/toolkit/xre/nsSigHandlers.cpp:201

(waterfox-default:4359): LIBDBUSMENU-GLIB-WARNING **: 11:21:16.967: Unable to register object on bus: An object is already exported for the interface com.canonical.dbusmenu at /com/canonical/menu/0
console.debug: "Applying chrome://browser/content/overlays/tabfeatures.xhtml to chrome://browser/content/browser.xhtml"
console.debug: "Applying chrome://browser/content/overlays/privatetab.xhtml to chrome://browser/content/browser.xhtml"
console.debug: "Applying chrome://browser/content/overlays/statusbar.xhtml to chrome://browser/content/browser.xhtml"
The XKEYBOARD keymap compiler (xkbcomp) reports:
> Warning:          Unsupported maximum keycode 709, clipping.
>                   X11 cannot support keycodes above 255.
> Warning:          Virtual modifier Hyper multiply defined
>                   Using 0, ignoring 0
> Warning:          Virtual modifier ScrollLock multiply defined
>                   Using 0, ignoring 0
Errors from xkbcomp are not fatal to the X server
JavaScript warning: https://www.google.com/js/bg/osCXNe5i45gWPQUMuoAsFHMlq7zmbAnytvj9ht3WrxI.js, line 4217: unreachable code after return statement
JavaScript warning: https://www.google.com/js/bg/osCXNe5i45gWPQUMuoAsFHMlq7zmbAnytvj9ht3WrxI.js, line 4217: unreachable code after return statement
JavaScript warning: https://www.google.com/js/bg/osCXNe5i45gWPQUMuoAsFHMlq7zmbAnytvj9ht3WrxI.js, line 4217: unreachable code after return statement
JavaScript warning: https://www.google.com/js/bg/osCXNe5i45gWPQUMuoAsFHMlq7zmbAnytvj9ht3WrxI.js line 2 > eval, line 4217: unreachable code after return statement
JavaScript warning: https://www.google.com/js/bg/osCXNe5i45gWPQUMuoAsFHMlq7zmbAnytvj9ht3WrxI.js line 2 > eval, line 1: unreachable code after return statement
JavaScript warning: https://www.google.com/js/bg/osCXNe5i45gWPQUMuoAsFHMlq7zmbAnytvj9ht3WrxI.js line 2 > eval line 4217 > eval, line 1: unreachable code after return statement
JavaScript warning: https://www.google.com/js/bg/osCXNe5i45gWPQUMuoAsFHMlq7zmbAnytvj9ht3WrxI.js line 2 > eval, line 4217: unreachable code after return statement
JavaScript warning: https://www.google.com/js/bg/osCXNe5i45gWPQUMuoAsFHMlq7zmbAnytvj9ht3WrxI.js line 2 > eval, line 4217: unreachable code after return statement
JavaScript warning: https://www.google.com/js/bg/osCXNe5i45gWPQUMuoAsFHMlq7zmbAnytvj9ht3WrxI.js line 2 > eval line 4217 > eval line 1 > eval, line 1: unreachable code after return statement
JavaScript warning: https://www.google.com/js/bg/osCXNe5i45gWPQUMuoAsFHMlq7zmbAnytvj9ht3WrxI.js line 2 > eval line 4217 > eval line 1 > eval line 1 > eval, line 1: unreachable code after return statement
The XKEYBOARD keymap compiler (xkbcomp) reports:
> Warning:          Unsupported maximum keycode 709, clipping.
>                   X11 cannot support keycodes above 255.
> Warning:          Virtual modifier Hyper multiply defined
>                   Using 0, ignoring 0
> Warning:          Virtual modifier ScrollLock multiply defined
>                   Using 0, ignoring 0
Errors from xkbcomp are not fatal to the X server
The XKEYBOARD keymap compiler (xkbcomp) reports:
> Warning:          Unsupported maximum keycode 709, clipping.
>                   X11 cannot support keycodes above 255.
> Warning:          Virtual modifier Hyper multiply defined
>                   Using 0, ignoring 0
> Warning:          Virtual modifier ScrollLock multiply defined
>                   Using 0, ignoring 0
Errors from xkbcomp are not fatal to the X server
[43.743] [glfw error 65544]: Unknown keymap format: 0
The XKEYBOARD keymap compiler (xkbcomp) reports:
> Warning:          Unsupported maximum keycode 709, clipping.
>                   X11 cannot support keycodes above 255.
> Warning:          Virtual modifier Hyper multiply defined
>                   Using 0, ignoring 0
> Warning:          Virtual modifier ScrollLock multiply defined
>                   Using 0, ignoring 0
Errors from xkbcomp are not fatal to the X server
[0.153] [PARSE ERROR] Unknown terminfo property: query-os-name
The XKEYBOARD keymap compiler (xkbcomp) reports:
> Warning:          Unsupported maximum keycode 709, clipping.
>                   X11 cannot support keycodes above 255.
> Warning:          Virtual modifier Hyper multiply defined
>                   Using 0, ignoring 0
> Warning:          Virtual modifier ScrollLock multiply defined
>                   Using 0, ignoring 0
Errors from xkbcomp are not fatal to the X server
[47.598] [glfw error 65544]: Unknown keymap format: 0
[0.527] [glfw error 65544]: Unknown keymap format: 0
The XKEYBOARD keymap compiler (xkbcomp) reports:
> Warning:          Unsupported maximum keycode 709, clipping.
>                   X11 cannot support keycodes above 255.
> Warning:          Virtual modifier Hyper multiply defined
>                   Using 0, ignoring 0
> Warning:          Virtual modifier ScrollLock multiply defined
>                   Using 0, ignoring 0
Errors from xkbcomp are not fatal to the X server
The XKEYBOARD keymap compiler (xkbcomp) reports:
> Warning:          Unsupported maximum keycode 709, clipping.
>                   X11 cannot support keycodes above 255.
> Warning:          Virtual modifier Hyper multiply defined
>                   Using 0, ignoring 0
> Warning:          Virtual modifier ScrollLock multiply defined
>                   Using 0, ignoring 0
Errors from xkbcomp are not fatal to the X server
The XKEYBOARD keymap compiler (xkbcomp) reports:
> Warning:          Unsupported maximum keycode 709, clipping.
>                   X11 cannot support keycodes above 255.
> Warning:          Virtual modifier Hyper multiply defined
>                   Using 0, ignoring 0
> Warning:          Virtual modifier ScrollLock multiply defined
>                   Using 0, ignoring 0
Errors from xkbcomp are not fatal to the X server
The XKEYBOARD keymap compiler (xkbcomp) reports:
> Warning:          Unsupported maximum keycode 709, clipping.
>                   X11 cannot support keycodes above 255.
> Warning:          Virtual modifier Hyper multiply defined
>                   Using 0, ignoring 0
> Warning:          Virtual modifier ScrollLock multiply defined
>                   Using 0, ignoring 0
Errors from xkbcomp are not fatal to the X server
The XKEYBOARD keymap compiler (xkbcomp) reports:
> Warning:          Unsupported maximum keycode 709, clipping.
>                   X11 cannot support keycodes above 255.
> Warning:          Virtual modifier Hyper multiply defined
>                   Using 0, ignoring 0
> Warning:          Virtual modifier ScrollLock multiply defined
>                   Using 0, ignoring 0
Errors from xkbcomp are not fatal to the X server
The XKEYBOARD keymap compiler (xkbcomp) reports:
> Warning:          Unsupported maximum keycode 709, clipping.
>                   X11 cannot support keycodes above 255.
> Warning:          Virtual modifier Hyper multiply defined
>                   Using 0, ignoring 0
> Warning:          Virtual modifier ScrollLock multiply defined
>                   Using 0, ignoring 0
Errors from xkbcomp are not fatal to the X server
The XKEYBOARD keymap compiler (xkbcomp) reports:
> Warning:          Unsupported maximum keycode 709, clipping.
>                   X11 cannot support keycodes above 255.
> Warning:          Virtual modifier Hyper multiply defined
>                   Using 0, ignoring 0
> Warning:          Virtual modifier ScrollLock multiply defined
>                   Using 0, ignoring 0
Errors from xkbcomp are not fatal to the X server
The XKEYBOARD keymap compiler (xkbcomp) reports:
> Warning:          Unsupported maximum keycode 709, clipping.
>                   X11 cannot support keycodes above 255.
> Warning:          Virtual modifier Hyper multiply defined
>                   Using 0, ignoring 0
> Warning:          Virtual modifier ScrollLock multiply defined
>                   Using 0, ignoring 0
Errors from xkbcomp are not fatal to the X server
The XKEYBOARD keymap compiler (xkbcomp) reports:
> Warning:          Unsupported maximum keycode 709, clipping.
>                   X11 cannot support keycodes above 255.
> Warning:          Virtual modifier Hyper multiply defined
>                   Using 0, ignoring 0
> Warning:          Virtual modifier ScrollLock multiply defined
>                   Using 0, ignoring 0
Errors from xkbcomp are not fatal to the X server
console.error: "Error in processing browser-window-domcontentloaded for CustomizableUI.handleNewBrowserWindow"
console.error: (new TypeError("can't access property \"id\", aToolbar is null", "resource:///modules/CustomizableUI.sys.mjs", 1239))
[Parent 4359, Main Thread] WARNING: gdk_x11_window_get_xid: assertion 'GDK_IS_X11_WINDOW (window)' failed: 'glib warning', file waterfox-6.6.7/toolkit/xre/nsSigHandlers.cpp:201

(waterfox-default:4359): Gdk-CRITICAL **: 11:21:49.451: gdk_x11_window_get_xid: assertion 'GDK_IS_X11_WINDOW (window)' failed
[Parent 4359, Main Thread] WARNING: Unable to register object on bus: An object is already exported for the interface com.canonical.dbusmenu at /com/canonical/menu/0: 'glib warning', file waterfox-6.6.7/toolkit/xre/nsSigHandlers.cpp:201

(waterfox-default:4359): LIBDBUSMENU-GLIB-WARNING **: 11:21:49.454: Unable to register object on bus: An object is already exported for the interface com.canonical.dbusmenu at /com/canonical/menu/0
console.debug: "Applying chrome://browser/content/overlays/tabfeatures.xhtml to chrome://browser/content/browser.xhtml"
console.debug: "Applying chrome://browser/content/overlays/privatetab.xhtml to chrome://browser/content/browser.xhtml"
console.debug: "Applying chrome://browser/content/overlays/statusbar.xhtml to chrome://browser/content/browser.xhtml"
JavaScript warning: https://www.google.com/js/bg/osCXNe5i45gWPQUMuoAsFHMlq7zmbAnytvj9ht3WrxI.js, line 323: unreachable code after return statement
JavaScript warning: https://www.google.com/js/bg/osCXNe5i45gWPQUMuoAsFHMlq7zmbAnytvj9ht3WrxI.js, line 323: unreachable code after return statement
JavaScript warning: https://www.google.com/js/bg/osCXNe5i45gWPQUMuoAsFHMlq7zmbAnytvj9ht3WrxI.js, line 323: unreachable code after return statement
JavaScript warning: https://www.google.com/js/bg/osCXNe5i45gWPQUMuoAsFHMlq7zmbAnytvj9ht3WrxI.js line 2 > eval, line 323: unreachable code after return statement
JavaScript warning: https://www.google.com/js/bg/osCXNe5i45gWPQUMuoAsFHMlq7zmbAnytvj9ht3WrxI.js line 2 > eval line 323 > eval, line 1: unreachable code after return statement
JavaScript warning: https://www.google.com/js/bg/osCXNe5i45gWPQUMuoAsFHMlq7zmbAnytvj9ht3WrxI.js line 2 > eval line 323 > eval line 1 > eval, line 1: unreachable code after return statement
JavaScript warning: https://www.google.com/js/bg/osCXNe5i45gWPQUMuoAsFHMlq7zmbAnytvj9ht3WrxI.js line 2 > eval, line 323: unreachable code after return statement
JavaScript warning: https://www.google.com/js/bg/osCXNe5i45gWPQUMuoAsFHMlq7zmbAnytvj9ht3WrxI.js line 2 > eval, line 323: unreachable code after return statement
JavaScript warning: https://www.google.com/js/bg/osCXNe5i45gWPQUMuoAsFHMlq7zmbAnytvj9ht3WrxI.js line 2 > eval line 323 > eval line 1 > eval, line 1: unreachable code after return statement
JavaScript warning: https://www.google.com/js/bg/osCXNe5i45gWPQUMuoAsFHMlq7zmbAnytvj9ht3WrxI.js line 2 > eval line 323 > eval line 1 > eval line 1 > eval, line 1: unreachable code after return statement
The XKEYBOARD keymap compiler (xkbcomp) reports:
> Warning:          Unsupported maximum keycode 709, clipping.
>                   X11 cannot support keycodes above 255.
> Warning:          Virtual modifier Hyper multiply defined
>                   Using 0, ignoring 0
> Warning:          Virtual modifier ScrollLock multiply defined
>                   Using 0, ignoring 0
Errors from xkbcomp are not fatal to the X server
The XKEYBOARD keymap compiler (xkbcomp) reports:
> Warning:          Unsupported maximum keycode 709, clipping.
>                   X11 cannot support keycodes above 255.
> Warning:          Virtual modifier Hyper multiply defined
>                   Using 0, ignoring 0
> Warning:          Virtual modifier ScrollLock multiply defined
>                   Using 0, ignoring 0
Errors from xkbcomp are not fatal to the X server
The XKEYBOARD keymap compiler (xkbcomp) reports:
> Warning:          Unsupported maximum keycode 709, clipping.
>                   X11 cannot support keycodes above 255.
> Warning:          Virtual modifier Hyper multiply defined
>                   Using 0, ignoring 0
> Warning:          Virtual modifier ScrollLock multiply defined
>                   Using 0, ignoring 0
Errors from xkbcomp are not fatal to the X server
[4668] Sandbox: seccomp sandbox violation: pid 4668, tid 4729, syscall 72, args 26 1027 22 0 140321141256208 123152.
JavaScript warning: https://www.google.com/js/th/-i-oUoWtyA8QK5rROS75TlMhepI2Jm9XoYFh4PVqK3I.js, line 278: unreachable code after return statement
JavaScript warning: https://www.google.com/js/th/-i-oUoWtyA8QK5rROS75TlMhepI2Jm9XoYFh4PVqK3I.js, line 278: unreachable code after return statement
JavaScript warning: https://www.google.com/js/th/-i-oUoWtyA8QK5rROS75TlMhepI2Jm9XoYFh4PVqK3I.js, line 278: unreachable code after return statement
JavaScript warning: https://www.google.com/js/th/-i-oUoWtyA8QK5rROS75TlMhepI2Jm9XoYFh4PVqK3I.js, line 278: unreachable code after return statement
JavaScript warning: https://www.google.com/js/th/-i-oUoWtyA8QK5rROS75TlMhepI2Jm9XoYFh4PVqK3I.js, line 278: unreachable code after return statement
JavaScript warning: https://www.google.com/js/th/-i-oUoWtyA8QK5rROS75TlMhepI2Jm9XoYFh4PVqK3I.js, line 278: unreachable code after return statement
JavaScript warning: https://www.google.com/js/th/-i-oUoWtyA8QK5rROS75TlMhepI2Jm9XoYFh4PVqK3I.js, line 278: unreachable code after return statement
JavaScript warning: https://www.google.com/js/th/-i-oUoWtyA8QK5rROS75TlMhepI2Jm9XoYFh4PVqK3I.js line 2 > eval, line 278: unreachable code after return statement
JavaScript warning: https://www.google.com/js/th/-i-oUoWtyA8QK5rROS75TlMhepI2Jm9XoYFh4PVqK3I.js line 2 > eval, line 278: unreachable code after return statement
JavaScript warning: https://www.google.com/js/th/-i-oUoWtyA8QK5rROS75TlMhepI2Jm9XoYFh4PVqK3I.js line 2 > eval, line 1: unreachable code after return statement
JavaScript warning: https://www.google.com/js/th/-i-oUoWtyA8QK5rROS75TlMhepI2Jm9XoYFh4PVqK3I.js line 2 > eval line 278 > eval, line 1: unreachable code after return statement
JavaScript warning: https://www.google.com/js/th/-i-oUoWtyA8QK5rROS75TlMhepI2Jm9XoYFh4PVqK3I.js line 2 > eval, line 278: unreachable code after return statement
JavaScript warning: https://www.google.com/js/th/-i-oUoWtyA8QK5rROS75TlMhepI2Jm9XoYFh4PVqK3I.js line 2 > eval, line 278: unreachable code after return statement
JavaScript warning: https://www.google.com/js/th/-i-oUoWtyA8QK5rROS75TlMhepI2Jm9XoYFh4PVqK3I.js line 2 > eval, line 278: unreachable code after return statement
JavaScript warning: https://www.google.com/js/th/-i-oUoWtyA8QK5rROS75TlMhepI2Jm9XoYFh4PVqK3I.js line 2 > eval line 278 > eval line 1 > eval, line 1: unreachable code after return statement
JavaScript warning: https://www.google.com/js/th/-i-oUoWtyA8QK5rROS75TlMhepI2Jm9XoYFh4PVqK3I.js line 2 > eval line 278 > eval line 1 > eval, line 1: unreachable code after return statement
JavaScript warning: https://www.google.com/js/th/-i-oUoWtyA8QK5rROS75TlMhepI2Jm9XoYFh4PVqK3I.js line 2 > eval line 278 > eval line 1 > eval line 1 > eval, line 1: unreachable code after return statement
JavaScript warning: https://www.google.com/js/th/-i-oUoWtyA8QK5rROS75TlMhepI2Jm9XoYFh4PVqK3I.js line 2 > eval line 278 > eval line 1 > eval line 1 > eval, line 1: unreachable code after return statement
[79.441] [glfw error 65544]: Unknown keymap format: 0
[32.369] [glfw error 65544]: Unknown keymap format: 0
The XKEYBOARD keymap compiler (xkbcomp) reports:
> Warning:          Unsupported maximum keycode 709, clipping.
>                   X11 cannot support keycodes above 255.
> Warning:          Virtual modifier Hyper multiply defined
>                   Using 0, ignoring 0
> Warning:          Virtual modifier ScrollLock multiply defined
>                   Using 0, ignoring 0
Errors from xkbcomp are not fatal to the X server
The XKEYBOARD keymap compiler (xkbcomp) reports:
> Warning:          Unsupported maximum keycode 709, clipping.
>                   X11 cannot support keycodes above 255.
> Warning:          Virtual modifier Hyper multiply defined
>                   Using 0, ignoring 0
> Warning:          Virtual modifier ScrollLock multiply defined
>                   Using 0, ignoring 0
Errors from xkbcomp are not fatal to the X server
The XKEYBOARD keymap compiler (xkbcomp) reports:
> Warning:          Unsupported maximum keycode 709, clipping.
>                   X11 cannot support keycodes above 255.
> Warning:          Virtual modifier Hyper multiply defined
>                   Using 0, ignoring 0
> Warning:          Virtual modifier ScrollLock multiply defined
>                   Using 0, ignoring 0
Errors from xkbcomp are not fatal to the X server
The XKEYBOARD keymap compiler (xkbcomp) reports:
> Warning:          Unsupported maximum keycode 709, clipping.
>                   X11 cannot support keycodes above 255.
> Warning:          Virtual modifier Hyper multiply defined
>                   Using 0, ignoring 0
> Warning:          Virtual modifier ScrollLock multiply defined
>                   Using 0, ignoring 0
Errors from xkbcomp are not fatal to the X server
The XKEYBOARD keymap compiler (xkbcomp) reports:
> Warning:          Unsupported maximum keycode 709, clipping.
>                   X11 cannot support keycodes above 255.
> Warning:          Virtual modifier Hyper multiply defined
>                   Using 0, ignoring 0
> Warning:          Virtual modifier ScrollLock multiply defined
>                   Using 0, ignoring 0
Errors from xkbcomp are not fatal to the X server
The XKEYBOARD keymap compiler (xkbcomp) reports:
> Warning:          Unsupported maximum keycode 709, clipping.
>                   X11 cannot support keycodes above 255.
> Warning:          Virtual modifier Hyper multiply defined
>                   Using 0, ignoring 0
> Warning:          Virtual modifier ScrollLock multiply defined
>                   Using 0, ignoring 0
Errors from xkbcomp are not fatal to the X server
The XKEYBOARD keymap compiler (xkbcomp) reports:
> Warning:          Unsupported maximum keycode 709, clipping.
>                   X11 cannot support keycodes above 255.
> Warning:          Virtual modifier Hyper multiply defined
>                   Using 0, ignoring 0
> Warning:          Virtual modifier ScrollLock multiply defined
>                   Using 0, ignoring 0
Errors from xkbcomp are not fatal to the X server
The XKEYBOARD keymap compiler (xkbcomp) reports:
> Warning:          Unsupported maximum keycode 709, clipping.
>                   X11 cannot support keycodes above 255.
> Warning:          Virtual modifier Hyper multiply defined
>                   Using 0, ignoring 0
> Warning:          Virtual modifier ScrollLock multiply defined
>                   Using 0, ignoring 0
Errors from xkbcomp are not fatal to the X server
The XKEYBOARD keymap compiler (xkbcomp) reports:
> Warning:          Unsupported maximum keycode 709, clipping.
>                   X11 cannot support keycodes above 255.
> Warning:          Virtual modifier Hyper multiply defined
>                   Using 0, ignoring 0
> Warning:          Virtual modifier ScrollLock multiply defined
>                   Using 0, ignoring 0
Errors from xkbcomp are not fatal to the X server
The XKEYBOARD keymap compiler (xkbcomp) reports:
> Warning:          Unsupported maximum keycode 709, clipping.
>                   X11 cannot support keycodes above 255.
> Warning:          Virtual modifier Hyper multiply defined
>                   Using 0, ignoring 0
> Warning:          Virtual modifier ScrollLock multiply defined
>                   Using 0, ignoring 0
Errors from xkbcomp are not fatal to the X server
The XKEYBOARD keymap compiler (xkbcomp) reports:
> Warning:          Unsupported maximum keycode 709, clipping.
>                   X11 cannot support keycodes above 255.
> Warning:          Virtual modifier Hyper multiply defined
>                   Using 0, ignoring 0
> Warning:          Virtual modifier ScrollLock multiply defined
>                   Using 0, ignoring 0
Errors from xkbcomp are not fatal to the X server
[4668] Sandbox: seccomp sandbox violation: pid 4668, tid 7797, syscall 72, args 26 1027 22 0 140321141256208 218594.
JavaScript warning: https://www.google.com/js/th/-i-oUoWtyA8QK5rROS75TlMhepI2Jm9XoYFh4PVqK3I.js, line 1495: unreachable code after return statement
JavaScript warning: https://www.google.com/js/th/-i-oUoWtyA8QK5rROS75TlMhepI2Jm9XoYFh4PVqK3I.js, line 1495: unreachable code after return statement
JavaScript warning: https://www.google.com/js/th/-i-oUoWtyA8QK5rROS75TlMhepI2Jm9XoYFh4PVqK3I.js, line 1495: unreachable code after return statement
JavaScript warning: https://www.google.com/js/th/-i-oUoWtyA8QK5rROS75TlMhepI2Jm9XoYFh4PVqK3I.js, line 1495: unreachable code after return statement
JavaScript warning: https://www.google.com/js/th/-i-oUoWtyA8QK5rROS75TlMhepI2Jm9XoYFh4PVqK3I.js, line 1495: unreachable code after return statement
JavaScript warning: https://www.google.com/js/th/-i-oUoWtyA8QK5rROS75TlMhepI2Jm9XoYFh4PVqK3I.js, line 1495: unreachable code after return statement
JavaScript warning: https://www.google.com/js/th/-i-oUoWtyA8QK5rROS75TlMhepI2Jm9XoYFh4PVqK3I.js, line 1495: unreachable code after return statement
JavaScript warning: https://www.google.com/js/th/-i-oUoWtyA8QK5rROS75TlMhepI2Jm9XoYFh4PVqK3I.js line 2 > eval, line 1495: unreachable code after return statement
JavaScript warning: https://www.google.com/js/th/-i-oUoWtyA8QK5rROS75TlMhepI2Jm9XoYFh4PVqK3I.js line 2 > eval, line 1495: unreachable code after return statement
JavaScript warning: https://www.google.com/js/th/-i-oUoWtyA8QK5rROS75TlMhepI2Jm9XoYFh4PVqK3I.js line 2 > eval line 1495 > eval, line 1: unreachable code after return statement
JavaScript warning: https://www.google.com/js/th/-i-oUoWtyA8QK5rROS75TlMhepI2Jm9XoYFh4PVqK3I.js line 2 > eval line 1495 > eval line 1 > eval, line 1: unreachable code after return statement
JavaScript warning: https://www.google.com/js/th/-i-oUoWtyA8QK5rROS75TlMhepI2Jm9XoYFh4PVqK3I.js line 2 > eval, line 1495: unreachable code after return statement
JavaScript warning: https://www.google.com/js/th/-i-oUoWtyA8QK5rROS75TlMhepI2Jm9XoYFh4PVqK3I.js line 2 > eval, line 1495: unreachable code after return statement
JavaScript warning: https://www.google.com/js/th/-i-oUoWtyA8QK5rROS75TlMhepI2Jm9XoYFh4PVqK3I.js line 2 > eval, line 1495: unreachable code after return statement
JavaScript warning: https://www.google.com/js/th/-i-oUoWtyA8QK5rROS75TlMhepI2Jm9XoYFh4PVqK3I.js line 2 > eval line 1495 > eval line 1 > eval, line 1: unreachable code after return statement
JavaScript warning: https://www.google.com/js/th/-i-oUoWtyA8QK5rROS75TlMhepI2Jm9XoYFh4PVqK3I.js line 2 > eval line 1495 > eval line 1 > eval, line 1: unreachable code after return statement
JavaScript warning: https://www.google.com/js/th/-i-oUoWtyA8QK5rROS75TlMhepI2Jm9XoYFh4PVqK3I.js line 2 > eval line 1495 > eval line 1 > eval line 1 > eval, line 1: unreachable code after return statement
JavaScript warning: https://www.google.com/js/th/-i-oUoWtyA8QK5rROS75TlMhepI2Jm9XoYFh4PVqK3I.js line 2 > eval line 1495 > eval line 1 > eval line 1 > eval, line 1: unreachable code after return statement
console.error: [Exception... "Component returned failure code: 0x80040111 (NS_ERROR_NOT_AVAILABLE) [nsIContentSniffer.getMIMETypeFromContent]"  nsresult: "0x80040111 (NS_ERROR_NOT_AVAILABLE)"  location: "JS frame :: resource:///modules/FaviconLoader.sys.mjs :: onStopRequest :: line 300"  data: no]
JavaScript warning: https://community.hpe.com/html/@20FEB8EBBC0682D7AEA8D1750A8470C5/assets/jquery-1.10.2.min.js, line 2: Using //@ to indicate sourceMappingURL pragmas is deprecated. Use //# instead
JavaScript error: https://community.hpe.com/t5/hpe-morpheus-vm-essentials/kvm-intel-vmx-not-supported-by-cpu-on-amd-server/td-p/7242222, line 5557: ReferenceError: HP is not defined
JavaScript error: , line 0: TypeError: NetworkError when attempting to fetch resource.
JavaScript error: , line 0: TypeError: NetworkError when attempting to fetch resource.
JavaScript error: , line 0: TypeError: NetworkError when attempting to fetch resource.
JavaScript error: , line 0: TypeError: NetworkError when attempting to fetch resource.
JavaScript error: , line 0: TypeError: [hpeAlloy] [ActivityCollector] Network request failed.
Caused by: NetworkError when attempting to fetch resource.
[185.638] [glfw error 65544]: Unknown keymap format: 0
[138.566] [glfw error 65544]: Unknown keymap format: 0
[188.691] [141.619] [glfw error 65544]: Unknown keymap format: 0
[glfw error 65544]: Unknown keymap format: 0
The XKEYBOARD keymap compiler (xkbcomp) reports:
> Warning:          Unsupported maximum keycode 709, clipping.
>                   X11 cannot support keycodes above 255.
> Warning:          Virtual modifier Hyper multiply defined
>                   Using 0, ignoring 0
> Warning:          Virtual modifier ScrollLock multiply defined
>                   Using 0, ignoring 0
Errors from xkbcomp are not fatal to the X server
[0.155] [PARSE ERROR] Unknown terminfo property: query-os-name
The XKEYBOARD keymap compiler (xkbcomp) reports:
> Warning:          Unsupported maximum keycode 709, clipping.
>                   X11 cannot support keycodes above 255.
> Warning:          Virtual modifier Hyper multiply defined
>                   Using 0, ignoring 0
> Warning:          Virtual modifier ScrollLock multiply defined
>                   Using 0, ignoring 0
Errors from xkbcomp are not fatal to the X server
The XKEYBOARD keymap compiler (xkbcomp) reports:
> Warning:          Unsupported maximum keycode 709, clipping.
>                   X11 cannot support keycodes above 255.
> Warning:          Virtual modifier Hyper multiply defined
>                   Using 0, ignoring 0
> Warning:          Virtual modifier ScrollLock multiply defined
>                   Using 0, ignoring 0
Errors from xkbcomp are not fatal to the X server
[192.681] [145.609] [glfw error 65544]: Unknown keymap format: 0
[glfw error 65544]: Unknown keymap format: 0
[2.954] [glfw error 65544]: Unknown keymap format: 0
The XKEYBOARD keymap compiler (xkbcomp) reports:
> Warning:          Unsupported maximum keycode 709, clipping.
>                   X11 cannot support keycodes above 255.
> Warning:          Virtual modifier Hyper multiply defined
>                   Using 0, ignoring 0
> Warning:          Virtual modifier ScrollLock multiply defined
>                   Using 0, ignoring 0
Errors from xkbcomp are not fatal to the X server
The XKEYBOARD keymap compiler (xkbcomp) reports:
> Warning:          Unsupported maximum keycode 709, clipping.
>                   X11 cannot support keycodes above 255.
> Warning:          Virtual modifier Hyper multiply defined
>                   Using 0, ignoring 0
> Warning:          Virtual modifier ScrollLock multiply defined
>                   Using 0, ignoring 0
Errors from xkbcomp are not fatal to the X server
The XKEYBOARD keymap compiler (xkbcomp) reports:
> Warning:          Unsupported maximum keycode 709, clipping.
>                   X11 cannot support keycodes above 255.
> Warning:          Virtual modifier Hyper multiply defined
>                   Using 0, ignoring 0
> Warning:          Virtual modifier ScrollLock multiply defined
>                   Using 0, ignoring 0
Errors from xkbcomp are not fatal to the X server
The XKEYBOARD keymap compiler (xkbcomp) reports:
> Warning:          Unsupported maximum keycode 709, clipping.
>                   X11 cannot support keycodes above 255.
> Warning:          Virtual modifier Hyper multiply defined
>                   Using 0, ignoring 0
> Warning:          Virtual modifier ScrollLock multiply defined
>                   Using 0, ignoring 0
Errors from xkbcomp are not fatal to the X server
The XKEYBOARD keymap compiler (xkbcomp) reports:
> Warning:          Unsupported maximum keycode 709, clipping.
>                   X11 cannot support keycodes above 255.
> Warning:          Virtual modifier Hyper multiply defined
>                   Using 0, ignoring 0
> Warning:          Virtual modifier ScrollLock multiply defined
>                   Using 0, ignoring 0
Errors from xkbcomp are not fatal to the X server
The XKEYBOARD keymap compiler (xkbcomp) reports:
> Warning:          Unsupported maximum keycode 709, clipping.
>                   X11 cannot support keycodes above 255.
> Warning:          Virtual modifier Hyper multiply defined
>                   Using 0, ignoring 0
> Warning:          Virtual modifier ScrollLock multiply defined
>                   Using 0, ignoring 0
Errors from xkbcomp are not fatal to the X server
JavaScript warning: https://community.hpe.com/html/@20FEB8EBBC0682D7AEA8D1750A8470C5/assets/jquery-1.10.2.min.js, line 4: Script terminated by timeout at:
at@https://community.hpe.com/html/@20FEB8EBBC0682D7AEA8D1750A8470C5/assets/jquery-1.10.2.min.js:4:10657
find@https://community.hpe.com/html/@20FEB8EBBC0682D7AEA8D1750A8470C5/assets/jquery-1.10.2.min.js:5:21211
init@https://community.hpe.com/html/@20FEB8EBBC0682D7AEA8D1750A8470C5/assets/jquery-1.10.2.min.js:4:1148
x@https://community.hpe.com/html/@20FEB8EBBC0682D7AEA8D1750A8470C5/assets/jquery-1.10.2.min.js:4:225
hideAllPopovers@https://community.hpe.com/t5/hpe-morpheus-vm-essentials/kvm-intel-vmx-not-supported-by-cpu-on-amd-server/td-p/7242222:5760:6
resizeTimer<@https://community.hpe.com/t5/hpe-morpheus-vm-essentials/kvm-intel-vmx-not-supported-by-cpu-on-amd-server/td-p/7242222:5779:7

The XKEYBOARD keymap compiler (xkbcomp) reports:
> Warning:          Unsupported maximum keycode 709, clipping.
>                   X11 cannot support keycodes above 255.
> Warning:          Virtual modifier Hyper multiply defined
>                   Using 0, ignoring 0
> Warning:          Virtual modifier ScrollLock multiply defined
>                   Using 0, ignoring 0
Errors from xkbcomp are not fatal to the X server
The XKEYBOARD keymap compiler (xkbcomp) reports:
> Warning:          Unsupported maximum keycode 709, clipping.
>                   X11 cannot support keycodes above 255.
> Warning:          Virtual modifier Hyper multiply defined
>                   Using 0, ignoring 0
> Warning:          Virtual modifier ScrollLock multiply defined
>                   Using 0, ignoring 0
Errors from xkbcomp are not fatal to the X server
The XKEYBOARD keymap compiler (xkbcomp) reports:
> Warning:          Unsupported maximum keycode 709, clipping.
>                   X11 cannot support keycodes above 255.
> Warning:          Virtual modifier Hyper multiply defined
>                   Using 0, ignoring 0
> Warning:          Virtual modifier ScrollLock multiply defined
>                   Using 0, ignoring 0
Errors from xkbcomp are not fatal to the X server
[211.677] [glfw error 65544]: Unknown keymap format: 0
[164.606] [glfw error 65544]: Unknown keymap format: 0
[21.949] [glfw error 65544]: Unknown keymap format: 0
[4668] Sandbox: seccomp sandbox violation: pid 4668, tid 7797, syscall 72, args 26 1027 22 0 140321141256208 276678.
[165.309] [glfw error 65544]: Unknown keymap format: 0
[212.381] [glfw error 65544]: Unknown keymap format: 0
[22.653] [glfw error 65544]: Unknown keymap format: 0
JavaScript warning: https://www.google.com/js/th/-i-oUoWtyA8QK5rROS75TlMhepI2Jm9XoYFh4PVqK3I.js, line 3739: unreachable code after return statement
JavaScript warning: https://www.google.com/js/th/-i-oUoWtyA8QK5rROS75TlMhepI2Jm9XoYFh4PVqK3I.js, line 3739: unreachable code after return statement
JavaScript warning: https://www.google.com/js/th/-i-oUoWtyA8QK5rROS75TlMhepI2Jm9XoYFh4PVqK3I.js, line 3739: unreachable code after return statement
JavaScript warning: https://www.google.com/js/th/-i-oUoWtyA8QK5rROS75TlMhepI2Jm9XoYFh4PVqK3I.js, line 3739: unreachable code after return statement
JavaScript warning: https://www.google.com/js/th/-i-oUoWtyA8QK5rROS75TlMhepI2Jm9XoYFh4PVqK3I.js, line 3739: unreachable code after return statement
JavaScript warning: https://www.google.com/js/th/-i-oUoWtyA8QK5rROS75TlMhepI2Jm9XoYFh4PVqK3I.js, line 3739: unreachable code after return statement
JavaScript warning: https://www.google.com/js/th/-i-oUoWtyA8QK5rROS75TlMhepI2Jm9XoYFh4PVqK3I.js, line 3739: unreachable code after return statement
JavaScript warning: https://www.google.com/js/th/-i-oUoWtyA8QK5rROS75TlMhepI2Jm9XoYFh4PVqK3I.js line 2 > eval, line 3739: unreachable code after return statement
JavaScript warning: https://www.google.com/js/th/-i-oUoWtyA8QK5rROS75TlMhepI2Jm9XoYFh4PVqK3I.js line 2 > eval, line 3739: unreachable code after return statement
JavaScript warning: https://www.google.com/js/th/-i-oUoWtyA8QK5rROS75TlMhepI2Jm9XoYFh4PVqK3I.js line 2 > eval line 3739 > eval, line 1: unreachable code after return statement
JavaScript warning: https://www.google.com/js/th/-i-oUoWtyA8QK5rROS75TlMhepI2Jm9XoYFh4PVqK3I.js line 2 > eval line 3739 > eval line 1 > eval, line 1: unreachable code after return statement
JavaScript warning: https://www.google.com/js/th/-i-oUoWtyA8QK5rROS75TlMhepI2Jm9XoYFh4PVqK3I.js line 2 > eval, line 3739: unreachable code after return statement
JavaScript warning: https://www.google.com/js/th/-i-oUoWtyA8QK5rROS75TlMhepI2Jm9XoYFh4PVqK3I.js line 2 > eval, line 3739: unreachable code after return statement
JavaScript warning: https://www.google.com/js/th/-i-oUoWtyA8QK5rROS75TlMhepI2Jm9XoYFh4PVqK3I.js line 2 > eval, line 3739: unreachable code after return statement
JavaScript warning: https://www.google.com/js/th/-i-oUoWtyA8QK5rROS75TlMhepI2Jm9XoYFh4PVqK3I.js line 2 > eval line 3739 > eval line 1 > eval, line 1: unreachable code after return statement
JavaScript warning: https://www.google.com/js/th/-i-oUoWtyA8QK5rROS75TlMhepI2Jm9XoYFh4PVqK3I.js line 2 > eval line 3739 > eval line 1 > eval, line 1: unreachable code after return statement
JavaScript warning: https://www.google.com/js/th/-i-oUoWtyA8QK5rROS75TlMhepI2Jm9XoYFh4PVqK3I.js line 2 > eval line 3739 > eval line 1 > eval line 1 > eval, line 1: unreachable code after return statement
JavaScript warning: https://www.google.com/js/th/-i-oUoWtyA8QK5rROS75TlMhepI2Jm9XoYFh4PVqK3I.js line 2 > eval line 3739 > eval line 1 > eval line 1 > eval, line 1: unreachable code after return statement
[23.439] [glfw error 65544]: Unknown keymap format: 0
[213.167] [glfw error 65544]: Unknown keymap format: 0
[166.095] [glfw error 65544]: Unknown keymap format: 0
[213.469] [glfw error 65544]: Unknown keymap format: 0
[23.741] [glfw error 65544]: Unknown keymap format: 0
[166.397] [glfw error 65544]: Unknown keymap format: 0
[24.136] [glfw error 65544]: Unknown keymap format: 0
[166.792] [213.864] [glfw error 65544]: Unknown keymap format: 0
[glfw error 65544]: Unknown keymap format: 0
[214.487] [glfw error 65544]: Unknown keymap format: 0
[24.759] [glfw error 65544]: Unknown keymap format: 0
[167.416] [glfw error 65544]: Unknown keymap format: 0
[168.161] [glfw error 65544]: Unknown keymap format: 0
[215.232] [glfw error 65544]: Unknown keymap format: 0
[25.505] [glfw error 65544]: Unknown keymap format: 0
[172.759] [glfw error 65544]: Unknown keymap format: 0
[30.103] [glfw error 65544]: Unknown keymap format: 0
[219.830] [glfw error 65544]: Unknown keymap format: 0
The XKEYBOARD keymap compiler (xkbcomp) reports:
> Warning:          Unsupported maximum keycode 709, clipping.
>                   X11 cannot support keycodes above 255.
> Warning:          Virtual modifier Hyper multiply defined
>                   Using 0, ignoring 0
> Warning:          Virtual modifier ScrollLock multiply defined
>                   Using 0, ignoring 0
Errors from xkbcomp are not fatal to the X server
[0.156] [PARSE ERROR] Unknown terminfo property: query-os-name
The XKEYBOARD keymap compiler (xkbcomp) reports:
> Warning:          Unsupported maximum keycode 709, clipping.
>                   X11 cannot support keycodes above 255.
> Warning:          Virtual modifier Hyper multiply defined
>                   Using 0, ignoring 0
> Warning:          Virtual modifier ScrollLock multiply defined
>                   Using 0, ignoring 0
Errors from xkbcomp are not fatal to the X server
The XKEYBOARD keymap compiler (xkbcomp) reports:
> Warning:          Unsupported maximum keycode 709, clipping.
>                   X11 cannot support keycodes above 255.
> Warning:          Virtual modifier Hyper multiply defined
>                   Using 0, ignoring 0
> Warning:          Virtual modifier ScrollLock multiply defined
>                   Using 0, ignoring 0
Errors from xkbcomp are not fatal to the X server
The XKEYBOARD keymap compiler (xkbcomp) reports:
> Warning:          Unsupported maximum keycode 709, clipping.
>                   X11 cannot support keycodes above 255.
> Warning:          Virtual modifier Hyper multiply defined
>                   Using 0, ignoring 0
> Warning:          Virtual modifier ScrollLock multiply defined
>                   Using 0, ignoring 0
Errors from xkbcomp are not fatal to the X server
The XKEYBOARD keymap compiler (xkbcomp) reports:
> Warning:          Unsupported maximum keycode 709, clipping.
>                   X11 cannot support keycodes above 255.
> Warning:          Virtual modifier Hyper multiply defined
>                   Using 0, ignoring 0
> Warning:          Virtual modifier ScrollLock multiply defined
>                   Using 0, ignoring 0
Errors from xkbcomp are not fatal to the X server
The XKEYBOARD keymap compiler (xkbcomp) reports:
> Warning:          Unsupported maximum keycode 709, clipping.
>                   X11 cannot support keycodes above 255.
> Warning:          Virtual modifier Hyper multiply defined
>                   Using 0, ignoring 0
> Warning:          Virtual modifier ScrollLock multiply defined
>                   Using 0, ignoring 0
Errors from xkbcomp are not fatal to the X server
The XKEYBOARD keymap compiler (xkbcomp) reports:
> Warning:          Unsupported maximum keycode 709, clipping.
>                   X11 cannot support keycodes above 255.
> Warning:          Virtual modifier Hyper multiply defined
>                   Using 0, ignoring 0
> Warning:          Virtual modifier ScrollLock multiply defined
>                   Using 0, ignoring 0
Errors from xkbcomp are not fatal to the X server
The XKEYBOARD keymap compiler (xkbcomp) reports:
> Warning:          Unsupported maximum keycode 709, clipping.
>                   X11 cannot support keycodes above 255.
> Warning:          Virtual modifier Hyper multiply defined
>                   Using 0, ignoring 0
> Warning:          Virtual modifier ScrollLock multiply defined
>                   Using 0, ignoring 0
Errors from xkbcomp are not fatal to the X server
The XKEYBOARD keymap compiler (xkbcomp) reports:
> Warning:          Unsupported maximum keycode 709, clipping.
>                   X11 cannot support keycodes above 255.
> Warning:          Virtual modifier Hyper multiply defined
>                   Using 0, ignoring 0
> Warning:          Virtual modifier ScrollLock multiply defined
>                   Using 0, ignoring 0
Errors from xkbcomp are not fatal to the X server
The XKEYBOARD keymap compiler (xkbcomp) reports:
> Warning:          Unsupported maximum keycode 709, clipping.
>                   X11 cannot support keycodes above 255.
> Warning:          Virtual modifier Hyper multiply defined
>                   Using 0, ignoring 0
> Warning:          Virtual modifier ScrollLock multiply defined
>                   Using 0, ignoring 0
Errors from xkbcomp are not fatal to the X server
[284.930] [glfw error 65544]: Unknown keymap format: 0
[103.370] [glfw error 65544]: Unknown keymap format: 0
[142.278] [glfw error 65544]: Unknown keymap format: 0
[332.006] [glfw error 65544]: Unknown keymap format: 0
The XKEYBOARD keymap compiler (xkbcomp) reports:
> Warning:          Unsupported maximum keycode 709, clipping.
>                   X11 cannot support keycodes above 255.
> Warning:          Virtual modifier Hyper multiply defined
>                   Using 0, ignoring 0
> Warning:          Virtual modifier ScrollLock multiply defined
>                   Using 0, ignoring 0
Errors from xkbcomp are not fatal to the X server
The XKEYBOARD keymap compiler (xkbcomp) reports:
> Warning:          Unsupported maximum keycode 709, clipping.
>                   X11 cannot support keycodes above 255.
> Warning:          Virtual modifier Hyper multiply defined
>                   Using 0, ignoring 0
> Warning:          Virtual modifier ScrollLock multiply defined
>                   Using 0, ignoring 0
Errors from xkbcomp are not fatal to the X server
The XKEYBOARD keymap compiler (xkbcomp) reports:
> Warning:          Unsupported maximum keycode 709, clipping.
>                   X11 cannot support keycodes above 255.
> Warning:          Virtual modifier Hyper multiply defined
>                   Using 0, ignoring 0
> Warning:          Virtual modifier ScrollLock multiply defined
>                   Using 0, ignoring 0
Errors from xkbcomp are not fatal to the X server
The XKEYBOARD keymap compiler (xkbcomp) reports:
> Warning:          Unsupported maximum keycode 709, clipping.
>                   X11 cannot support keycodes above 255.
> Warning:          Virtual modifier Hyper multiply defined
>                   Using 0, ignoring 0
> Warning:          Virtual modifier ScrollLock multiply defined
>                   Using 0, ignoring 0
Errors from xkbcomp are not fatal to the X server
The XKEYBOARD keymap compiler (xkbcomp) reports:
> Warning:          Unsupported maximum keycode 709, clipping.
>                   X11 cannot support keycodes above 255.
> Warning:          Virtual modifier Hyper multiply defined
>                   Using 0, ignoring 0
> Warning:          Virtual modifier ScrollLock multiply defined
>                   Using 0, ignoring 0
Errors from xkbcomp are not fatal to the X server
The XKEYBOARD keymap compiler (xkbcomp) reports:
> Warning:          Unsupported maximum keycode 709, clipping.
>                   X11 cannot support keycodes above 255.
> Warning:          Virtual modifier Hyper multiply defined
>                   Using 0, ignoring 0
> Warning:          Virtual modifier ScrollLock multiply defined
>                   Using 0, ignoring 0
Errors from xkbcomp are not fatal to the X server
The XKEYBOARD keymap compiler (xkbcomp) reports:
> Warning:          Unsupported maximum keycode 709, clipping.
>                   X11 cannot support keycodes above 255.
> Warning:          Virtual modifier Hyper multiply defined
>                   Using 0, ignoring 0
> Warning:          Virtual modifier ScrollLock multiply defined
>                   Using 0, ignoring 0
Errors from xkbcomp are not fatal to the X server
[181.168] [glfw error 65544]: Unknown keymap format: 0
[323.824] [glfw error 65544]: Unknown keymap format: 0
[142.264] [glfw error 65544]: Unknown keymap format: 0
[370.899] [glfw error 65544]: Unknown keymap format: 0
The XKEYBOARD keymap compiler (xkbcomp) reports:
> Warning:          Unsupported maximum keycode 709, clipping.
>                   X11 cannot support keycodes above 255.
> Warning:          Virtual modifier Hyper multiply defined
>                   Using 0, ignoring 0
> Warning:          Virtual modifier ScrollLock multiply defined
>                   Using 0, ignoring 0
Errors from xkbcomp are not fatal to the X server
The XKEYBOARD keymap compiler (xkbcomp) reports:
> Warning:          Unsupported maximum keycode 709, clipping.
>                   X11 cannot support keycodes above 255.
> Warning:          Virtual modifier Hyper multiply defined
>                   Using 0, ignoring 0
> Warning:          Virtual modifier ScrollLock multiply defined
>                   Using 0, ignoring 0
Errors from xkbcomp are not fatal to the X server
The XKEYBOARD keymap compiler (xkbcomp) reports:
> Warning:          Unsupported maximum keycode 709, clipping.
>                   X11 cannot support keycodes above 255.
> Warning:          Virtual modifier Hyper multiply defined
>                   Using 0, ignoring 0
> Warning:          Virtual modifier ScrollLock multiply defined
>                   Using 0, ignoring 0
Errors from xkbcomp are not fatal to the X server
The XKEYBOARD keymap compiler (xkbcomp) reports:
> Warning:          Unsupported maximum keycode 709, clipping.
>                   X11 cannot support keycodes above 255.
> Warning:          Virtual modifier Hyper multiply defined
>                   Using 0, ignoring 0
> Warning:          Virtual modifier ScrollLock multiply defined
>                   Using 0, ignoring 0
Errors from xkbcomp are not fatal to the X server
[371.198] [glfw error 65544]: Unknown keymap format: 0
[324.127] [glfw error 65544]: Unknown keymap format: 0
[181.472] [glfw error 65544]: Unknown keymap format: 0
The XKEYBOARD keymap compiler (xkbcomp) reports:
> Warning:          Unsupported maximum keycode 709, clipping.
>                   X11 cannot support keycodes above 255.
> Warning:          Virtual modifier Hyper multiply defined
>                   Using 0, ignoring 0
> Warning:          Virtual modifier ScrollLock multiply defined
>                   Using 0, ignoring 0
Errors from xkbcomp are not fatal to the X server
The XKEYBOARD keymap compiler (xkbcomp) reports:
> Warning:          Unsupported maximum keycode 709, clipping.
>                   X11 cannot support keycodes above 255.
> Warning:          Virtual modifier Hyper multiply defined
>                   Using 0, ignoring 0
> Warning:          Virtual modifier ScrollLock multiply defined
>                   Using 0, ignoring 0
Errors from xkbcomp are not fatal to the X server
The XKEYBOARD keymap compiler (xkbcomp) reports:
> Warning:          Unsupported maximum keycode 709, clipping.
>                   X11 cannot support keycodes above 255.
> Warning:          Virtual modifier Hyper multiply defined
>                   Using 0, ignoring 0
> Warning:          Virtual modifier ScrollLock multiply defined
>                   Using 0, ignoring 0
Errors from xkbcomp are not fatal to the X server
The XKEYBOARD keymap compiler (xkbcomp) reports:
> Warning:          Unsupported maximum keycode 709, clipping.
>                   X11 cannot support keycodes above 255.
> Warning:          Virtual modifier Hyper multiply defined
>                   Using 0, ignoring 0
> Warning:          Virtual modifier ScrollLock multiply defined
>                   Using 0, ignoring 0
Errors from xkbcomp are not fatal to the X server
The XKEYBOARD keymap compiler (xkbcomp) reports:
> Warning:          Unsupported maximum keycode 709, clipping.
>                   X11 cannot support keycodes above 255.
> Warning:          Virtual modifier Hyper multiply defined
>                   Using 0, ignoring 0
> Warning:          Virtual modifier ScrollLock multiply defined
>                   Using 0, ignoring 0
Errors from xkbcomp are not fatal to the X server
The XKEYBOARD keymap compiler (xkbcomp) reports:
> Warning:          Unsupported maximum keycode 709, clipping.
>                   X11 cannot support keycodes above 255.
> Warning:          Virtual modifier Hyper multiply defined
>                   Using 0, ignoring 0
> Warning:          Virtual modifier ScrollLock multiply defined
>                   Using 0, ignoring 0
Errors from xkbcomp are not fatal to the X server
The XKEYBOARD keymap compiler (xkbcomp) reports:
> Warning:          Unsupported maximum keycode 709, clipping.
>                   X11 cannot support keycodes above 255.
> Warning:          Virtual modifier Hyper multiply defined
>                   Using 0, ignoring 0
> Warning:          Virtual modifier ScrollLock multiply defined
>                   Using 0, ignoring 0
Errors from xkbcomp are not fatal to the X server
The XKEYBOARD keymap compiler (xkbcomp) reports:
> Warning:          Unsupported maximum keycode 709, clipping.
>                   X11 cannot support keycodes above 255.
> Warning:          Virtual modifier Hyper multiply defined
>                   Using 0, ignoring 0
> Warning:          Virtual modifier ScrollLock multiply defined
>                   Using 0, ignoring 0
Errors from xkbcomp are not fatal to the X server
The XKEYBOARD keymap compiler (xkbcomp) reports:
> Warning:          Unsupported maximum keycode 709, clipping.
>                   X11 cannot support keycodes above 255.
> Warning:          Virtual modifier Hyper multiply defined
>                   Using 0, ignoring 0
> Warning:          Virtual modifier ScrollLock multiply defined
>                   Using 0, ignoring 0
Errors from xkbcomp are not fatal to the X server
The XKEYBOARD keymap compiler (xkbcomp) reports:
> Warning:          Unsupported maximum keycode 709, clipping.
>                   X11 cannot support keycodes above 255.
> Warning:          Virtual modifier Hyper multiply defined
>                   Using 0, ignoring 0
> Warning:          Virtual modifier ScrollLock multiply defined
>                   Using 0, ignoring 0
Errors from xkbcomp are not fatal to the X server
The XKEYBOARD keymap compiler (xkbcomp) reports:
> Warning:          Unsupported maximum keycode 709, clipping.
>                   X11 cannot support keycodes above 255.
> Warning:          Virtual modifier Hyper multiply defined
>                   Using 0, ignoring 0
> Warning:          Virtual modifier ScrollLock multiply defined
>                   Using 0, ignoring 0
Errors from xkbcomp are not fatal to the X server
The XKEYBOARD keymap compiler (xkbcomp) reports:
> Warning:          Unsupported maximum keycode 709, clipping.
>                   X11 cannot support keycodes above 255.
> Warning:          Virtual modifier Hyper multiply defined
>                   Using 0, ignoring 0
> Warning:          Virtual modifier ScrollLock multiply defined
>                   Using 0, ignoring 0
Errors from xkbcomp are not fatal to the X server
[342.713] [glfw error 65544]: Unknown keymap format: 0
[389.785] [glfw error 65544]: Unknown keymap format: 0
[200.058] [glfw error 65544]: Unknown keymap format: 0
The XKEYBOARD keymap compiler (xkbcomp) reports:
> Warning:          Unsupported maximum keycode 709, clipping.
>                   X11 cannot support keycodes above 255.
> Warning:          Virtual modifier Hyper multiply defined
>                   Using 0, ignoring 0
> Warning:          Virtual modifier ScrollLock multiply defined
>                   Using 0, ignoring 0
Errors from xkbcomp are not fatal to the X server
The XKEYBOARD keymap compiler (xkbcomp) reports:
> Warning:          Unsupported maximum keycode 709, clipping.
>                   X11 cannot support keycodes above 255.
> Warning:          Virtual modifier Hyper multiply defined
>                   Using 0, ignoring 0
> Warning:          Virtual modifier ScrollLock multiply defined
>                   Using 0, ignoring 0
Errors from xkbcomp are not fatal to the X server
The XKEYBOARD keymap compiler (xkbcomp) reports:
> Warning:          Unsupported maximum keycode 709, clipping.
>                   X11 cannot support keycodes above 255.
> Warning:          Virtual modifier Hyper multiply defined
>                   Using 0, ignoring 0
> Warning:          Virtual modifier ScrollLock multiply defined
>                   Using 0, ignoring 0
Errors from xkbcomp are not fatal to the X server
The XKEYBOARD keymap compiler (xkbcomp) reports:
> Warning:          Unsupported maximum keycode 709, clipping.
>                   X11 cannot support keycodes above 255.
> Warning:          Virtual modifier Hyper multiply defined
>                   Using 0, ignoring 0
> Warning:          Virtual modifier ScrollLock multiply defined
>                   Using 0, ignoring 0
Errors from xkbcomp are not fatal to the X server
The XKEYBOARD keymap compiler (xkbcomp) reports:
> Warning:          Unsupported maximum keycode 709, clipping.
>                   X11 cannot support keycodes above 255.
> Warning:          Virtual modifier Hyper multiply defined
>                   Using 0, ignoring 0
> Warning:          Virtual modifier ScrollLock multiply defined
>                   Using 0, ignoring 0
Errors from xkbcomp are not fatal to the X server
The XKEYBOARD keymap compiler (xkbcomp) reports:
> Warning:          Unsupported maximum keycode 709, clipping.
>                   X11 cannot support keycodes above 255.
> Warning:          Virtual modifier Hyper multiply defined
>                   Using 0, ignoring 0
> Warning:          Virtual modifier ScrollLock multiply defined
>                   Using 0, ignoring 0
Errors from xkbcomp are not fatal to the X server
[0.157] [PARSE ERROR] Unknown terminfo property: query-os-name
The XKEYBOARD keymap compiler (xkbcomp) reports:
> Warning:          Unsupported maximum keycode 709, clipping.
>                   X11 cannot support keycodes above 255.
> Warning:          Virtual modifier Hyper multiply defined
>                   Using 0, ignoring 0
> Warning:          Virtual modifier ScrollLock multiply defined
>                   Using 0, ignoring 0
Errors from xkbcomp are not fatal to the X server
[347.433] [glfw error 65544]: Unknown keymap format: 0
[394.504] [glfw error 65544]: Unknown keymap format: 0
[204.778] [glfw error 65544]: Unknown keymap format: 0
The XKEYBOARD keymap compiler (xkbcomp) reports:
> Warning:          Unsupported maximum keycode 709, clipping.
>                   X11 cannot support keycodes above 255.
> Warning:          Virtual modifier Hyper multiply defined
>                   Using 0, ignoring 0
> Warning:          Virtual modifier ScrollLock multiply defined
>                   Using 0, ignoring 0
[0.583] [glfw error 65544]: Unknown keymap format: 0
Errors from xkbcomp are not fatal to the X server
The XKEYBOARD keymap compiler (xkbcomp) reports:
> Warning:          Unsupported maximum keycode 709, clipping.
>                   X11 cannot support keycodes above 255.
> Warning:          Virtual modifier Hyper multiply defined
>                   Using 0, ignoring 0
> Warning:          Virtual modifier ScrollLock multiply defined
>                   Using 0, ignoring 0
Errors from xkbcomp are not fatal to the X server
The XKEYBOARD keymap compiler (xkbcomp) reports:
> Warning:          Unsupported maximum keycode 709, clipping.
>                   X11 cannot support keycodes above 255.
> Warning:          Virtual modifier Hyper multiply defined
>                   Using 0, ignoring 0
> Warning:          Virtual modifier ScrollLock multiply defined
>                   Using 0, ignoring 0
Errors from xkbcomp are not fatal to the X server
The XKEYBOARD keymap compiler (xkbcomp) reports:
> Warning:          Unsupported maximum keycode 709, clipping.
>                   X11 cannot support keycodes above 255.
> Warning:          Virtual modifier Hyper multiply defined
>                   Using 0, ignoring 0
> Warning:          Virtual modifier ScrollLock multiply defined
>                   Using 0, ignoring 0
Errors from xkbcomp are not fatal to the X server
The XKEYBOARD keymap compiler (xkbcomp) reports:
> Warning:          Unsupported maximum keycode 709, clipping.
>                   X11 cannot support keycodes above 255.
> Warning:          Virtual modifier Hyper multiply defined
>                   Using 0, ignoring 0
> Warning:          Virtual modifier ScrollLock multiply defined
>                   Using 0, ignoring 0
Errors from xkbcomp are not fatal to the X server
The XKEYBOARD keymap compiler (xkbcomp) reports:
> Warning:          Unsupported maximum keycode 709, clipping.
>                   X11 cannot support keycodes above 255.
> Warning:          Virtual modifier Hyper multiply defined
>                   Using 0, ignoring 0
> Warning:          Virtual modifier ScrollLock multiply defined
>                   Using 0, ignoring 0
Errors from xkbcomp are not fatal to the X server
The XKEYBOARD keymap compiler (xkbcomp) reports:
> Warning:          Unsupported maximum keycode 709, clipping.
>                   X11 cannot support keycodes above 255.
> Warning:          Virtual modifier Hyper multiply defined
>                   Using 0, ignoring 0
> Warning:          Virtual modifier ScrollLock multiply defined
>                   Using 0, ignoring 0
Errors from xkbcomp are not fatal to the X server
The XKEYBOARD keymap compiler (xkbcomp) reports:
> Warning:          Unsupported maximum keycode 709, clipping.
>                   X11 cannot support keycodes above 255.
> Warning:          Virtual modifier Hyper multiply defined
>                   Using 0, ignoring 0
> Warning:          Virtual modifier ScrollLock multiply defined
>                   Using 0, ignoring 0
Errors from xkbcomp are not fatal to the X server
The XKEYBOARD keymap compiler (xkbcomp) reports:
> Warning:          Unsupported maximum keycode 709, clipping.
>                   X11 cannot support keycodes above 255.
> Warning:          Virtual modifier Hyper multiply defined
>                   Using 0, ignoring 0
> Warning:          Virtual modifier ScrollLock multiply defined
>                   Using 0, ignoring 0
Errors from xkbcomp are not fatal to the X server
[351.168] [glfw error 65544]: Unknown keymap format: 0
The XKEYBOARD keymap compiler (xkbcomp) reports:
> Warning:          Unsupported maximum keycode 709, clipping.
>                   X11 cannot support keycodes above 255.
> Warning:          Virtual modifier Hyper multiply defined
>                   Using 0, ignoring 0
> Warning:          Virtual modifier ScrollLock multiply defined
>                   Using 0, ignoring 0
Errors from xkbcomp are not fatal to the X server
[208.515] [glfw error 65544]: Unknown keymap format: 0
[4.319] [glfw error 65544]: Unknown keymap format: 0
The XKEYBOARD keymap compiler (xkbcomp) reports:
> Warning:          Unsupported maximum keycode 709, clipping.
>                   X11 cannot support keycodes above 255.
> Warning:          Virtual modifier Hyper multiply defined
>                   Using 0, ignoring 0
> Warning:          Virtual modifier ScrollLock multiply defined
>                   Using 0, ignoring 0
Errors from xkbcomp are not fatal to the X server
The XKEYBOARD keymap compiler (xkbcomp) reports:
> Warning:          Unsupported maximum keycode 709, clipping.
>                   X11 cannot support keycodes above 255.
> Warning:          Virtual modifier Hyper multiply defined
>                   Using 0, ignoring 0
> Warning:          Virtual modifier ScrollLock multiply defined
>                   Using 0, ignoring 0
Errors from xkbcomp are not fatal to the X server
The XKEYBOARD keymap compiler (xkbcomp) reports:
> Warning:          Unsupported maximum keycode 709, clipping.
>                   X11 cannot support keycodes above 255.
> Warning:          Virtual modifier Hyper multiply defined
>                   Using 0, ignoring 0
> Warning:          Virtual modifier ScrollLock multiply defined
>                   Using 0, ignoring 0
Errors from xkbcomp are not fatal to the X server
The XKEYBOARD keymap compiler (xkbcomp) reports:
> Warning:          Unsupported maximum keycode 709, clipping.
>                   X11 cannot support keycodes above 255.
> Warning:          Virtual modifier Hyper multiply defined
>                   Using 0, ignoring 0
> Warning:          Virtual modifier ScrollLock multiply defined
>                   Using 0, ignoring 0
Errors from xkbcomp are not fatal to the X server
The XKEYBOARD keymap compiler (xkbcomp) reports:
> Warning:          Unsupported maximum keycode 709, clipping.
>                   X11 cannot support keycodes above 255.
> Warning:          Virtual modifier Hyper multiply defined
>                   Using 0, ignoring 0
> Warning:          Virtual modifier ScrollLock multiply defined
>                   Using 0, ignoring 0
Errors from xkbcomp are not fatal to the X server
The XKEYBOARD keymap compiler (xkbcomp) reports:
> Warning:          Unsupported maximum keycode 709, clipping.
>                   X11 cannot support keycodes above 255.
> Warning:          Virtual modifier Hyper multiply defined
>                   Using 0, ignoring 0
> Warning:          Virtual modifier ScrollLock multiply defined
>                   Using 0, ignoring 0
Errors from xkbcomp are not fatal to the X server
The XKEYBOARD keymap compiler (xkbcomp) reports:
> Warning:          Unsupported maximum keycode 709, clipping.
>                   X11 cannot support keycodes above 255.
> Warning:          Virtual modifier Hyper multiply defined
>                   Using 0, ignoring 0
> Warning:          Virtual modifier ScrollLock multiply defined
>                   Using 0, ignoring 0
Errors from xkbcomp are not fatal to the X server
The XKEYBOARD keymap compiler (xkbcomp) reports:
> Warning:          Unsupported maximum keycode 709, clipping.
>                   X11 cannot support keycodes above 255.
> Warning:          Virtual modifier Hyper multiply defined
>                   Using 0, ignoring 0
> Warning:          Virtual modifier ScrollLock multiply defined
>                   Using 0, ignoring 0
Errors from xkbcomp are not fatal to the X server
[70.083] [glfw error 65544]: Unknown keymap format: 0
[274.280] [glfw error 65544]: Unknown keymap format: 0
[416.936] [glfw error 65544]: Unknown keymap format: 0
The XKEYBOARD keymap compiler (xkbcomp) reports:
> Warning:          Unsupported maximum keycode 709, clipping.
>                   X11 cannot support keycodes above 255.
> Warning:          Virtual modifier Hyper multiply defined
>                   Using 0, ignoring 0
> Warning:          Virtual modifier ScrollLock multiply defined
>                   Using 0, ignoring 0
Errors from xkbcomp are not fatal to the X server
The XKEYBOARD keymap compiler (xkbcomp) reports:
> Warning:          Unsupported maximum keycode 709, clipping.
>                   X11 cannot support keycodes above 255.
> Warning:          Virtual modifier Hyper multiply defined
>                   Using 0, ignoring 0
> Warning:          Virtual modifier ScrollLock multiply defined
>                   Using 0, ignoring 0
Errors from xkbcomp are not fatal to the X server
[288.937] [PARSE ERROR] Escape codes to resize text area are not supported
The XKEYBOARD keymap compiler (xkbcomp) reports:
> Warning:          Unsupported maximum keycode 709, clipping.
>                   X11 cannot support keycodes above 255.
> Warning:          Virtual modifier Hyper multiply defined
>                   Using 0, ignoring 0
> Warning:          Virtual modifier ScrollLock multiply defined
>                   Using 0, ignoring 0
Errors from xkbcomp are not fatal to the X server
The XKEYBOARD keymap compiler (xkbcomp) reports:
> Warning:          Unsupported maximum keycode 709, clipping.
>                   X11 cannot support keycodes above 255.
> Warning:          Virtual modifier Hyper multiply defined
>                   Using 0, ignoring 0
> Warning:          Virtual modifier ScrollLock multiply defined
>                   Using 0, ignoring 0
Errors from xkbcomp are not fatal to the X server
The XKEYBOARD keymap compiler (xkbcomp) reports:
> Warning:          Unsupported maximum keycode 709, clipping.
>                   X11 cannot support keycodes above 255.
> Warning:          Virtual modifier Hyper multiply defined
>                   Using 0, ignoring 0
> Warning:          Virtual modifier ScrollLock multiply defined
>                   Using 0, ignoring 0
Errors from xkbcomp are not fatal to the X server
The XKEYBOARD keymap compiler (xkbcomp) reports:
> Warning:          Unsupported maximum keycode 709, clipping.
>                   X11 cannot support keycodes above 255.
> Warning:          Virtual modifier Hyper multiply defined
>                   Using 0, ignoring 0
> Warning:          Virtual modifier ScrollLock multiply defined
>                   Using 0, ignoring 0
Errors from xkbcomp are not fatal to the X server
The XKEYBOARD keymap compiler (xkbcomp) reports:
> Warning:          Unsupported maximum keycode 709, clipping.
>                   X11 cannot support keycodes above 255.
> Warning:          Virtual modifier Hyper multiply defined
>                   Using 0, ignoring 0
> Warning:          Virtual modifier ScrollLock multiply defined
>                   Using 0, ignoring 0
Errors from xkbcomp are not fatal to the X server
console.error: "Error in processing browser-window-domcontentloaded for CustomizableUI.handleNewBrowserWindow"
console.error: (new TypeError("can't access property \"id\", aToolbar is null", "resource:///modules/CustomizableUI.sys.mjs", 1239))
[Parent 4359, Main Thread] WARNING: gdk_x11_window_get_xid: assertion 'GDK_IS_X11_WINDOW (window)' failed: 'glib warning', file waterfox-6.6.7/toolkit/xre/nsSigHandlers.cpp:201

(waterfox-default:4359): Gdk-CRITICAL **: 11:28:52.857: gdk_x11_window_get_xid: assertion 'GDK_IS_X11_WINDOW (window)' failed
[Parent 4359, Main Thread] WARNING: Unable to register object on bus: An object is already exported for the interface com.canonical.dbusmenu at /com/canonical/menu/0: 'glib warning', file waterfox-6.6.7/toolkit/xre/nsSigHandlers.cpp:201

(waterfox-default:4359): LIBDBUSMENU-GLIB-WARNING **: 11:28:52.860: Unable to register object on bus: An object is already exported for the interface com.canonical.dbusmenu at /com/canonical/menu/0
console.debug: "Applying chrome://browser/content/overlays/tabfeatures.xhtml to chrome://browser/content/browser.xhtml"
console.debug: "Applying chrome://browser/content/overlays/privatetab.xhtml to chrome://browser/content/browser.xhtml"
console.debug: "Applying chrome://browser/content/overlays/statusbar.xhtml to chrome://browser/content/browser.xhtml"
The XKEYBOARD keymap compiler (xkbcomp) reports:
> Warning:          Unsupported maximum keycode 709, clipping.
>                   X11 cannot support keycodes above 255.
> Warning:          Virtual modifier Hyper multiply defined
>                   Using 0, ignoring 0
> Warning:          Virtual modifier ScrollLock multiply defined
>                   Using 0, ignoring 0
Errors from xkbcomp are not fatal to the X server
JavaScript warning: https://www.google.com/js/bg/osCXNe5i45gWPQUMuoAsFHMlq7zmbAnytvj9ht3WrxI.js, line 454: unreachable code after return statement
JavaScript warning: https://www.google.com/js/bg/osCXNe5i45gWPQUMuoAsFHMlq7zmbAnytvj9ht3WrxI.js, line 454: unreachable code after return statement
JavaScript warning: https://www.google.com/js/bg/osCXNe5i45gWPQUMuoAsFHMlq7zmbAnytvj9ht3WrxI.js, line 454: unreachable code after return statement
JavaScript warning: https://www.google.com/js/bg/osCXNe5i45gWPQUMuoAsFHMlq7zmbAnytvj9ht3WrxI.js line 2 > eval, line 454: unreachable code after return statement
JavaScript warning: https://www.google.com/js/bg/osCXNe5i45gWPQUMuoAsFHMlq7zmbAnytvj9ht3WrxI.js line 2 > eval line 454 > eval, line 1: unreachable code after return statement
JavaScript warning: https://www.google.com/js/bg/osCXNe5i45gWPQUMuoAsFHMlq7zmbAnytvj9ht3WrxI.js line 2 > eval line 454 > eval line 1 > eval, line 1: unreachable code after return statement
JavaScript warning: https://www.google.com/js/bg/osCXNe5i45gWPQUMuoAsFHMlq7zmbAnytvj9ht3WrxI.js line 2 > eval, line 454: unreachable code after return statement
JavaScript warning: https://www.google.com/js/bg/osCXNe5i45gWPQUMuoAsFHMlq7zmbAnytvj9ht3WrxI.js line 2 > eval, line 454: unreachable code after return statement
JavaScript warning: https://www.google.com/js/bg/osCXNe5i45gWPQUMuoAsFHMlq7zmbAnytvj9ht3WrxI.js line 2 > eval line 454 > eval line 1 > eval, line 1: unreachable code after return statement
JavaScript warning: https://www.google.com/js/bg/osCXNe5i45gWPQUMuoAsFHMlq7zmbAnytvj9ht3WrxI.js line 2 > eval line 454 > eval line 1 > eval line 1 > eval, line 1: unreachable code after return statement
The XKEYBOARD keymap compiler (xkbcomp) reports:
> Warning:          Unsupported maximum keycode 709, clipping.
>                   X11 cannot support keycodes above 255.
> Warning:          Virtual modifier Hyper multiply defined
>                   Using 0, ignoring 0
> Warning:          Virtual modifier ScrollLock multiply defined
>                   Using 0, ignoring 0
Errors from xkbcomp are not fatal to the X server
The XKEYBOARD keymap compiler (xkbcomp) reports:
> Warning:          Unsupported maximum keycode 709, clipping.
>                   X11 cannot support keycodes above 255.
> Warning:          Virtual modifier Hyper multiply defined
>                   Using 0, ignoring 0
> Warning:          Virtual modifier ScrollLock multiply defined
>                   Using 0, ignoring 0
Errors from xkbcomp are not fatal to the X server
Error calling CreateSession method: GDBus.Error:org.freedesktop.portal.Error.NotAllowed: Location services disabled
[447.382] [glfw error 65544]: Unknown keymap format: 0
[304.726] [glfw error 65544]: Unknown keymap format: 0
[100.530] [glfw error 65544]: Unknown keymap format: 0
The XKEYBOARD keymap compiler (xkbcomp) reports:
> Warning:          Unsupported maximum keycode 709, clipping.
>                   X11 cannot support keycodes above 255.
> Warning:          Virtual modifier Hyper multiply defined
>                   Using 0, ignoring 0
> Warning:          Virtual modifier ScrollLock multiply defined
>                   Using 0, ignoring 0
Errors from xkbcomp are not fatal to the X server
The XKEYBOARD keymap compiler (xkbcomp) reports:
> Warning:          Unsupported maximum keycode 709, clipping.
>                   X11 cannot support keycodes above 255.
> Warning:          Virtual modifier Hyper multiply defined
>                   Using 0, ignoring 0
> Warning:          Virtual modifier ScrollLock multiply defined
>                   Using 0, ignoring 0
Errors from xkbcomp are not fatal to the X server
The XKEYBOARD keymap compiler (xkbcomp) reports:
> Warning:          Unsupported maximum keycode 709, clipping.
>                   X11 cannot support keycodes above 255.
> Warning:          Virtual modifier Hyper multiply defined
>                   Using 0, ignoring 0
> Warning:          Virtual modifier ScrollLock multiply defined
>                   Using 0, ignoring 0
Errors from xkbcomp are not fatal to the X server
console.error: (new TypeError(" is not a valid URL.", "resource://gre/modules/NetworkGeolocationProvider.sys.mjs", 393))
console.error: (new TypeError(" is not a valid URL.", "resource://gre/modules/NetworkGeolocationProvider.sys.mjs", 393))
[459.488] [glfw error 65544]: Unknown keymap format: 0
[112.636] [glfw error 65544]: Unknown keymap format: 0
[316.832] [glfw error 65544]: Unknown keymap format: 0
console.error: (new TypeError(" is not a valid URL.", "resource://gre/modules/NetworkGeolocationProvider.sys.mjs", 393))
[Parent 4359, Main Thread] WARNING: g_variant_is_object_path: assertion 'string != NULL' failed: 'glib warning', file waterfox-6.6.7/toolkit/xre/nsSigHandlers.cpp:201

(waterfox-default:4359): GLib-CRITICAL **: 11:29:16.482: g_variant_is_object_path: assertion 'string != NULL' failed
[Parent 4359, Main Thread] WARNING: g_dbus_message_new_method_call: assertion 'g_variant_is_object_path (path)' failed: 'glib warning', file waterfox-6.6.7/toolkit/xre/nsSigHandlers.cpp:201

(waterfox-default:4359): GLib-GIO-CRITICAL **: 11:29:16.482: g_dbus_message_new_method_call: assertion 'g_variant_is_object_path (path)' failed
console.error: (new TypeError(" is not a valid URL.", "resource://gre/modules/NetworkGeolocationProvider.sys.mjs", 393))
console.error: (new TypeError(" is not a valid URL.", "resource://gre/modules/NetworkGeolocationProvider.sys.mjs", 393))
console.error: (new TypeError(" is not a valid URL.", "resource://gre/modules/NetworkGeolocationProvider.sys.mjs", 393))
console.error: (new TypeError(" is not a valid URL.", "resource://gre/modules/NetworkGeolocationProvider.sys.mjs", 393))
console.error: (new TypeError(" is not a valid URL.", "resource://gre/modules/NetworkGeolocationProvider.sys.mjs", 393))
console.error: (new TypeError(" is not a valid URL.", "resource://gre/modules/NetworkGeolocationProvider.sys.mjs", 393))
console.error: (new TypeError(" is not a valid URL.", "resource://gre/modules/NetworkGeolocationProvider.sys.mjs", 393))
console.error: (new TypeError(" is not a valid URL.", "resource://gre/modules/NetworkGeolocationProvider.sys.mjs", 393))
console.error: (new TypeError(" is not a valid URL.", "resource://gre/modules/NetworkGeolocationProvider.sys.mjs", 393))
The XKEYBOARD keymap compiler (xkbcomp) reports:
> Warning:          Unsupported maximum keycode 709, clipping.
>                   X11 cannot support keycodes above 255.
> Warning:          Virtual modifier Hyper multiply defined
>                   Using 0, ignoring 0
> Warning:          Virtual modifier ScrollLock multiply defined
>                   Using 0, ignoring 0
Errors from xkbcomp are not fatal to the X server
The XKEYBOARD keymap compiler (xkbcomp) reports:
> Warning:          Unsupported maximum keycode 709, clipping.
>                   X11 cannot support keycodes above 255.
> Warning:          Virtual modifier Hyper multiply defined
>                   Using 0, ignoring 0
> Warning:          Virtual modifier ScrollLock multiply defined
>                   Using 0, ignoring 0
Errors from xkbcomp are not fatal to the X server
The XKEYBOARD keymap compiler (xkbcomp) reports:
> Warning:          Unsupported maximum keycode 709, clipping.
>                   X11 cannot support keycodes above 255.
> Warning:          Virtual modifier Hyper multiply defined
>                   Using 0, ignoring 0
> Warning:          Virtual modifier ScrollLock multiply defined
>                   Using 0, ignoring 0
Errors from xkbcomp are not fatal to the X server
The XKEYBOARD keymap compiler (xkbcomp) reports:
> Warning:          Unsupported maximum keycode 709, clipping.
>                   X11 cannot support keycodes above 255.
> Warning:          Virtual modifier Hyper multiply defined
>                   Using 0, ignoring 0
> Warning:          Virtual modifier ScrollLock multiply defined
>                   Using 0, ignoring 0
Errors from xkbcomp are not fatal to the X server
The XKEYBOARD keymap compiler (xkbcomp) reports:
> Warning:          Unsupported maximum keycode 709, clipping.
>                   X11 cannot support keycodes above 255.
> Warning:          Virtual modifier Hyper multiply defined
>                   Using 0, ignoring 0
> Warning:          Virtual modifier ScrollLock multiply defined
>                   Using 0, ignoring 0
Errors from xkbcomp are not fatal to the X server
The XKEYBOARD keymap compiler (xkbcomp) reports:
> Warning:          Unsupported maximum keycode 709, clipping.
>                   X11 cannot support keycodes above 255.
> Warning:          Virtual modifier Hyper multiply defined
>                   Using 0, ignoring 0
> Warning:          Virtual modifier ScrollLock multiply defined
>                   Using 0, ignoring 0
Errors from xkbcomp are not fatal to the X server
The XKEYBOARD keymap compiler (xkbcomp) reports:
> Warning:          Unsupported maximum keycode 709, clipping.
>                   X11 cannot support keycodes above 255.
> Warning:          Virtual modifier Hyper multiply defined
>                   Using 0, ignoring 0
> Warning:          Virtual modifier ScrollLock multiply defined
>                   Using 0, ignoring 0
Errors from xkbcomp are not fatal to the X server
The XKEYBOARD keymap compiler (xkbcomp) reports:
> Warning:          Unsupported maximum keycode 709, clipping.
>                   X11 cannot support keycodes above 255.
> Warning:          Virtual modifier Hyper multiply defined
>                   Using 0, ignoring 0
> Warning:          Virtual modifier ScrollLock multiply defined
>                   Using 0, ignoring 0
Errors from xkbcomp are not fatal to the X server
console.error: (new TypeError(" is not a valid URL.", "resource://gre/modules/NetworkGeolocationProvider.sys.mjs", 393))
console.error: (new TypeError(" is not a valid URL.", "resource://gre/modules/NetworkGeolocationProvider.sys.mjs", 393))
console.error: (new TypeError(" is not a valid URL.", "resource://gre/modules/NetworkGeolocationProvider.sys.mjs", 393))
console.error: (new TypeError(" is not a valid URL.", "resource://gre/modules/NetworkGeolocationProvider.sys.mjs", 393))
console.error: (new TypeError(" is not a valid URL.", "resource://gre/modules/NetworkGeolocationProvider.sys.mjs", 393))
console.error: (new TypeError(" is not a valid URL.", "resource://gre/modules/NetworkGeolocationProvider.sys.mjs", 393))
The XKEYBOARD keymap compiler (xkbcomp) reports:
> Warning:          Unsupported maximum keycode 709, clipping.
>                   X11 cannot support keycodes above 255.
> Warning:          Virtual modifier Hyper multiply defined
>                   Using 0, ignoring 0
> Warning:          Virtual modifier ScrollLock multiply defined
>                   Using 0, ignoring 0
Errors from xkbcomp are not fatal to the X server
The XKEYBOARD keymap compiler (xkbcomp) reports:
> Warning:          Unsupported maximum keycode 709, clipping.
>                   X11 cannot support keycodes above 255.
> Warning:          Virtual modifier Hyper multiply defined
>                   Using 0, ignoring 0
> Warning:          Virtual modifier ScrollLock multiply defined
>                   Using 0, ignoring 0
Errors from xkbcomp are not fatal to the X server
The XKEYBOARD keymap compiler (xkbcomp) reports:
> Warning:          Unsupported maximum keycode 709, clipping.
>                   X11 cannot support keycodes above 255.
> Warning:          Virtual modifier Hyper multiply defined
>                   Using 0, ignoring 0
> Warning:          Virtual modifier ScrollLock multiply defined
>                   Using 0, ignoring 0
Errors from xkbcomp are not fatal to the X server
The XKEYBOARD keymap compiler (xkbcomp) reports:
> Warning:          Unsupported maximum keycode 709, clipping.
>                   X11 cannot support keycodes above 255.
> Warning:          Virtual modifier Hyper multiply defined
>                   Using 0, ignoring 0
> Warning:          Virtual modifier ScrollLock multiply defined
>                   Using 0, ignoring 0
Errors from xkbcomp are not fatal to the X server
The XKEYBOARD keymap compiler (xkbcomp) reports:
> Warning:          Unsupported maximum keycode 709, clipping.
>                   X11 cannot support keycodes above 255.
> Warning:          Virtual modifier Hyper multiply defined
>                   Using 0, ignoring 0
> Warning:          Virtual modifier ScrollLock multiply defined
>                   Using 0, ignoring 0
Errors from xkbcomp are not fatal to the X server
console.error: (new TypeError(" is not a valid URL.", "resource://gre/modules/NetworkGeolocationProvider.sys.mjs", 393))
console.error: (new TypeError(" is not a valid URL.", "resource://gre/modules/NetworkGeolocationProvider.sys.mjs", 393))
console.error: (new TypeError(" is not a valid URL.", "resource://gre/modules/NetworkGeolocationProvider.sys.mjs", 393))
The XKEYBOARD keymap compiler (xkbcomp) reports:
> Warning:          Unsupported maximum keycode 709, clipping.
>                   X11 cannot support keycodes above 255.
> Warning:          Virtual modifier Hyper multiply defined
>                   Using 0, ignoring 0
> Warning:          Virtual modifier ScrollLock multiply defined
>                   Using 0, ignoring 0
Errors from xkbcomp are not fatal to the X server
The XKEYBOARD keymap compiler (xkbcomp) reports:
> Warning:          Unsupported maximum keycode 709, clipping.
>                   X11 cannot support keycodes above 255.
> Warning:          Virtual modifier Hyper multiply defined
>                   Using 0, ignoring 0
> Warning:          Virtual modifier ScrollLock multiply defined
>                   Using 0, ignoring 0
Errors from xkbcomp are not fatal to the X server
The XKEYBOARD keymap compiler (xkbcomp) reports:
> Warning:          Unsupported maximum keycode 709, clipping.
>                   X11 cannot support keycodes above 255.
> Warning:          Virtual modifier Hyper multiply defined
>                   Using 0, ignoring 0
> Warning:          Virtual modifier ScrollLock multiply defined
>                   Using 0, ignoring 0
Errors from xkbcomp are not fatal to the X server
console.error: "Error in processing browser-window-domcontentloaded for CustomizableUI.handleNewBrowserWindow"
console.error: (new TypeError("can't access property \"id\", aToolbar is null", "resource:///modules/CustomizableUI.sys.mjs", 1239))
[Parent 4359, Main Thread] WARNING: gdk_x11_window_get_xid: assertion 'GDK_IS_X11_WINDOW (window)' failed: 'glib warning', file waterfox-6.6.7/toolkit/xre/nsSigHandlers.cpp:201

(waterfox-default:4359): Gdk-CRITICAL **: 11:29:43.062: gdk_x11_window_get_xid: assertion 'GDK_IS_X11_WINDOW (window)' failed
[Parent 4359, Main Thread] WARNING: Unable to register object on bus: An object is already exported for the interface com.canonical.dbusmenu at /com/canonical/menu/0: 'glib warning', file waterfox-6.6.7/toolkit/xre/nsSigHandlers.cpp:201

(waterfox-default:4359): LIBDBUSMENU-GLIB-WARNING **: 11:29:43.066: Unable to register object on bus: An object is already exported for the interface com.canonical.dbusmenu at /com/canonical/menu/0
console.debug: "Applying chrome://browser/content/overlays/tabfeatures.xhtml to chrome://browser/content/browser.xhtml"
console.debug: "Applying chrome://browser/content/overlays/privatetab.xhtml to chrome://browser/content/browser.xhtml"
console.debug: "Applying chrome://browser/content/overlays/statusbar.xhtml to chrome://browser/content/browser.xhtml"
console.error: (new TypeError(" is not a valid URL.", "resource://gre/modules/NetworkGeolocationProvider.sys.mjs", 393))
console.error: (new TypeError(" is not a valid URL.", "resource://gre/modules/NetworkGeolocationProvider.sys.mjs", 393))
console.error: (new TypeError(" is not a valid URL.", "resource://gre/modules/NetworkGeolocationProvider.sys.mjs", 393))
The XKEYBOARD keymap compiler (xkbcomp) reports:
> Warning:          Unsupported maximum keycode 709, clipping.
>                   X11 cannot support keycodes above 255.
> Warning:          Virtual modifier Hyper multiply defined
>                   Using 0, ignoring 0
> Warning:          Virtual modifier ScrollLock multiply defined
>                   Using 0, ignoring 0
Errors from xkbcomp are not fatal to the X server
JavaScript warning: https://www.google.com/js/bg/osCXNe5i45gWPQUMuoAsFHMlq7zmbAnytvj9ht3WrxI.js, line 3226: unreachable code after return statement
JavaScript warning: https://www.google.com/js/bg/osCXNe5i45gWPQUMuoAsFHMlq7zmbAnytvj9ht3WrxI.js, line 3226: unreachable code after return statement
JavaScript warning: https://www.google.com/js/bg/osCXNe5i45gWPQUMuoAsFHMlq7zmbAnytvj9ht3WrxI.js, line 3226: unreachable code after return statement
JavaScript warning: https://www.google.com/js/bg/osCXNe5i45gWPQUMuoAsFHMlq7zmbAnytvj9ht3WrxI.js line 2 > eval, line 3226: unreachable code after return statement
JavaScript warning: https://www.google.com/js/bg/osCXNe5i45gWPQUMuoAsFHMlq7zmbAnytvj9ht3WrxI.js line 2 > eval line 3226 > eval, line 1: unreachable code after return statement
JavaScript warning: https://www.google.com/js/bg/osCXNe5i45gWPQUMuoAsFHMlq7zmbAnytvj9ht3WrxI.js line 2 > eval line 3226 > eval line 1 > eval, line 1: unreachable code after return statement
JavaScript warning: https://www.google.com/js/bg/osCXNe5i45gWPQUMuoAsFHMlq7zmbAnytvj9ht3WrxI.js line 2 > eval, line 3226: unreachable code after return statement
JavaScript warning: https://www.google.com/js/bg/osCXNe5i45gWPQUMuoAsFHMlq7zmbAnytvj9ht3WrxI.js line 2 > eval, line 3226: unreachable code after return statement
JavaScript warning: https://www.google.com/js/bg/osCXNe5i45gWPQUMuoAsFHMlq7zmbAnytvj9ht3WrxI.js line 2 > eval line 3226 > eval line 1 > eval, line 1: unreachable code after return statement
JavaScript warning: https://www.google.com/js/bg/osCXNe5i45gWPQUMuoAsFHMlq7zmbAnytvj9ht3WrxI.js line 2 > eval line 3226 > eval line 1 > eval line 1 > eval, line 1: unreachable code after return statement
The XKEYBOARD keymap compiler (xkbcomp) reports:
> Warning:          Unsupported maximum keycode 709, clipping.
>                   X11 cannot support keycodes above 255.
> Warning:          Virtual modifier Hyper multiply defined
>                   Using 0, ignoring 0
> Warning:          Virtual modifier ScrollLock multiply defined
>                   Using 0, ignoring 0
Errors from xkbcomp are not fatal to the X server
The XKEYBOARD keymap compiler (xkbcomp) reports:
> Warning:          Unsupported maximum keycode 709, clipping.
>                   X11 cannot support keycodes above 255.
> Warning:          Virtual modifier Hyper multiply defined
>                   Using 0, ignoring 0
> Warning:          Virtual modifier ScrollLock multiply defined
>                   Using 0, ignoring 0
Errors from xkbcomp are not fatal to the X server
The XKEYBOARD keymap compiler (xkbcomp) reports:
> Warning:          Unsupported maximum keycode 709, clipping.
>                   X11 cannot support keycodes above 255.
> Warning:          Virtual modifier Hyper multiply defined
>                   Using 0, ignoring 0
> Warning:          Virtual modifier ScrollLock multiply defined
>                   Using 0, ignoring 0
Errors from xkbcomp are not fatal to the X server
console.error: (new TypeError(" is not a valid URL.", "resource://gre/modules/NetworkGeolocationProvider.sys.mjs", 393))
console.error: (new TypeError(" is not a valid URL.", "resource://gre/modules/NetworkGeolocationProvider.sys.mjs", 393))
console.error: (new TypeError(" is not a valid URL.", "resource://gre/modules/NetworkGeolocationProvider.sys.mjs", 393))
console.error: (new TypeError(" is not a valid URL.", "resource://gre/modules/NetworkGeolocationProvider.sys.mjs", 393))
console.error: (new TypeError(" is not a valid URL.", "resource://gre/modules/NetworkGeolocationProvider.sys.mjs", 393))
console.error: (new TypeError(" is not a valid URL.", "resource://gre/modules/NetworkGeolocationProvider.sys.mjs", 393))
The XKEYBOARD keymap compiler (xkbcomp) reports:
> Warning:          Unsupported maximum keycode 709, clipping.
>                   X11 cannot support keycodes above 255.
> Warning:          Virtual modifier Hyper multiply defined
>                   Using 0, ignoring 0
> Warning:          Virtual modifier ScrollLock multiply defined
>                   Using 0, ignoring 0
Errors from xkbcomp are not fatal to the X server
The XKEYBOARD keymap compiler (xkbcomp) reports:
> Warning:          Unsupported maximum keycode 709, clipping.
>                   X11 cannot support keycodes above 255.
> Warning:          Virtual modifier Hyper multiply defined
>                   Using 0, ignoring 0
> Warning:          Virtual modifier ScrollLock multiply defined
>                   Using 0, ignoring 0
Errors from xkbcomp are not fatal to the X server
The XKEYBOARD keymap compiler (xkbcomp) reports:
> Warning:          Unsupported maximum keycode 709, clipping.
>                   X11 cannot support keycodes above 255.
> Warning:          Virtual modifier Hyper multiply defined
>                   Using 0, ignoring 0
> Warning:          Virtual modifier ScrollLock multiply defined
>                   Using 0, ignoring 0
Errors from xkbcomp are not fatal to the X server
console.error: (new TypeError(" is not a valid URL.", "resource://gre/modules/NetworkGeolocationProvider.sys.mjs", 393))
console.error: (new TypeError(" is not a valid URL.", "resource://gre/modules/NetworkGeolocationProvider.sys.mjs", 393))
console.error: (new TypeError(" is not a valid URL.", "resource://gre/modules/NetworkGeolocationProvider.sys.mjs", 393))
console.error: (new TypeError(" is not a valid URL.", "resource://gre/modules/NetworkGeolocationProvider.sys.mjs", 393))
console.error: (new TypeError(" is not a valid URL.", "resource://gre/modules/NetworkGeolocationProvider.sys.mjs", 393))
console.error: (new TypeError(" is not a valid URL.", "resource://gre/modules/NetworkGeolocationProvider.sys.mjs", 393))
The XKEYBOARD keymap compiler (xkbcomp) reports:
> Warning:          Unsupported maximum keycode 709, clipping.
>                   X11 cannot support keycodes above 255.
> Warning:          Virtual modifier Hyper multiply defined
>                   Using 0, ignoring 0
> Warning:          Virtual modifier ScrollLock multiply defined
>                   Using 0, ignoring 0
Errors from xkbcomp are not fatal to the X server
console.error: (new TypeError(" is not a valid URL.", "resource://gre/modules/NetworkGeolocationProvider.sys.mjs", 393))
console.error: (new TypeError(" is not a valid URL.", "resource://gre/modules/NetworkGeolocationProvider.sys.mjs", 393))
console.error: (new TypeError(" is not a valid URL.", "resource://gre/modules/NetworkGeolocationProvider.sys.mjs", 393))
console.error: (new TypeError(" is not a valid URL.", "resource://gre/modules/NetworkGeolocationProvider.sys.mjs", 393))
console.error: (new TypeError(" is not a valid URL.", "resource://gre/modules/NetworkGeolocationProvider.sys.mjs", 393))
console.error: (new TypeError(" is not a valid URL.", "resource://gre/modules/NetworkGeolocationProvider.sys.mjs", 393))
console.error: (new TypeError(" is not a valid URL.", "resource://gre/modules/NetworkGeolocationProvider.sys.mjs", 393))
console.error: (new TypeError(" is not a valid URL.", "resource://gre/modules/NetworkGeolocationProvider.sys.mjs", 393))
console.error: (new TypeError(" is not a valid URL.", "resource://gre/modules/NetworkGeolocationProvider.sys.mjs", 393))
console.error: (new TypeError(" is not a valid URL.", "resource://gre/modules/NetworkGeolocationProvider.sys.mjs", 393))
console.error: (new TypeError(" is not a valid URL.", "resource://gre/modules/NetworkGeolocationProvider.sys.mjs", 393))
console.error: (new TypeError(" is not a valid URL.", "resource://gre/modules/NetworkGeolocationProvider.sys.mjs", 393))
console.error: (new TypeError(" is not a valid URL.", "resource://gre/modules/NetworkGeolocationProvider.sys.mjs", 393))
console.error: (new TypeError(" is not a valid URL.", "resource://gre/modules/NetworkGeolocationProvider.sys.mjs", 393))
console.error: (new TypeError(" is not a valid URL.", "resource://gre/modules/NetworkGeolocationProvider.sys.mjs", 393))
console.error: (new TypeError(" is not a valid URL.", "resource://gre/modules/NetworkGeolocationProvider.sys.mjs", 393))
console.error: (new TypeError(" is not a valid URL.", "resource://gre/modules/NetworkGeolocationProvider.sys.mjs", 393))
console.error: (new TypeError(" is not a valid URL.", "resource://gre/modules/NetworkGeolocationProvider.sys.mjs", 393))
console.error: (new TypeError(" is not a valid URL.", "resource://gre/modules/NetworkGeolocationProvider.sys.mjs", 393))
console.error: (new TypeError(" is not a valid URL.", "resource://gre/modules/NetworkGeolocationProvider.sys.mjs", 393))
console.error: (new TypeError(" is not a valid URL.", "resource://gre/modules/NetworkGeolocationProvider.sys.mjs", 393))
console.error: (new TypeError(" is not a valid URL.", "resource://gre/modules/NetworkGeolocationProvider.sys.mjs", 393))
console.error: (new TypeError(" is not a valid URL.", "resource://gre/modules/NetworkGeolocationProvider.sys.mjs", 393))
console.error: (new TypeError(" is not a valid URL.", "resource://gre/modules/NetworkGeolocationProvider.sys.mjs", 393))
console.error: (new TypeError(" is not a valid URL.", "resource://gre/modules/NetworkGeolocationProvider.sys.mjs", 393))
console.error: (new TypeError(" is not a valid URL.", "resource://gre/modules/NetworkGeolocationProvider.sys.mjs", 393))
console.error: (new TypeError(" is not a valid URL.", "resource://gre/modules/NetworkGeolocationProvider.sys.mjs", 393))
The XKEYBOARD keymap compiler (xkbcomp) reports:
> Warning:          Unsupported maximum keycode 709, clipping.
>                   X11 cannot support keycodes above 255.
> Warning:          Virtual modifier Hyper multiply defined
>                   Using 0, ignoring 0
> Warning:          Virtual modifier ScrollLock multiply defined
>                   Using 0, ignoring 0
Errors from xkbcomp are not fatal to the X server
The XKEYBOARD keymap compiler (xkbcomp) reports:
> Warning:          Unsupported maximum keycode 709, clipping.
>                   X11 cannot support keycodes above 255.
> Warning:          Virtual modifier Hyper multiply defined
>                   Using 0, ignoring 0
> Warning:          Virtual modifier ScrollLock multiply defined
>                   Using 0, ignoring 0
Errors from xkbcomp are not fatal to the X server
The XKEYBOARD keymap compiler (xkbcomp) reports:
> Warning:          Unsupported maximum keycode 709, clipping.
>                   X11 cannot support keycodes above 255.
> Warning:          Virtual modifier Hyper multiply defined
>                   Using 0, ignoring 0
> Warning:          Virtual modifier ScrollLock multiply defined
>                   Using 0, ignoring 0
Errors from xkbcomp are not fatal to the X server
console.error: (new TypeError(" is not a valid URL.", "resource://gre/modules/NetworkGeolocationProvider.sys.mjs", 393))
console.error: (new TypeError(" is not a valid URL.", "resource://gre/modules/NetworkGeolocationProvider.sys.mjs", 393))
console.error: (new TypeError(" is not a valid URL.", "resource://gre/modules/NetworkGeolocationProvider.sys.mjs", 393))
The XKEYBOARD keymap compiler (xkbcomp) reports:
> Warning:          Unsupported maximum keycode 709, clipping.
>                   X11 cannot support keycodes above 255.
> Warning:          Virtual modifier Hyper multiply defined
>                   Using 0, ignoring 0
> Warning:          Virtual modifier ScrollLock multiply defined
>                   Using 0, ignoring 0
Errors from xkbcomp are not fatal to the X server
[562.626] [glfw error 65544]: Unknown keymap format: 0
The XKEYBOARD keymap compiler (xkbcomp) reports:
> Warning:          Unsupported maximum keycode 709, clipping.
>                   X11 cannot support keycodes above 255.
> Warning:          Virtual modifier Hyper multiply defined
>                   Using 0, ignoring 0
> Warning:          Virtual modifier ScrollLock multiply defined
>                   Using 0, ignoring 0
Errors from xkbcomp are not fatal to the X server
[215.778] [glfw error 65544]: Unknown keymap format: 0
[419.974] [glfw error 65544]: Unknown keymap format: 0
[420.238] [562.894] [glfw error 65544]: Unknown keymap format: 0
[glfw error 65544]: Unknown keymap format: 0
[216.042] [glfw error 65544]: Unknown keymap format: 0
The XKEYBOARD keymap compiler (xkbcomp) reports:
> Warning:          Unsupported maximum keycode 709, clipping.
>                   X11 cannot support keycodes above 255.
> Warning:          Virtual modifier Hyper multiply defined
>                   Using 0, ignoring 0
> Warning:          Virtual modifier ScrollLock multiply defined
>                   Using 0, ignoring 0
Errors from xkbcomp are not fatal to the X server
The XKEYBOARD keymap compiler (xkbcomp) reports:
> Warning:          Unsupported maximum keycode 709, clipping.
>                   X11 cannot support keycodes above 255.
> Warning:          Virtual modifier Hyper multiply defined
>                   Using 0, ignoring 0
> Warning:          Virtual modifier ScrollLock multiply defined
>                   Using 0, ignoring 0
Errors from xkbcomp are not fatal to the X server
console.error: (new TypeError(" is not a valid URL.", "resource://gre/modules/NetworkGeolocationProvider.sys.mjs", 393))
console.error: (new TypeError(" is not a valid URL.", "resource://gre/modules/NetworkGeolocationProvider.sys.mjs", 393))
console.error: (new TypeError(" is not a valid URL.", "resource://gre/modules/NetworkGeolocationProvider.sys.mjs", 393))
console.error: (new TypeError(" is not a valid URL.", "resource://gre/modules/NetworkGeolocationProvider.sys.mjs", 393))
console.error: (new TypeError(" is not a valid URL.", "resource://gre/modules/NetworkGeolocationProvider.sys.mjs", 393))
console.error: (new TypeError(" is not a valid URL.", "resource://gre/modules/NetworkGeolocationProvider.sys.mjs", 393))
console.error: (new TypeError(" is not a valid URL.", "resource://gre/modules/NetworkGeolocationProvider.sys.mjs", 393))
console.error: (new TypeError(" is not a valid URL.", "resource://gre/modules/NetworkGeolocationProvider.sys.mjs", 393))
console.error: (new TypeError(" is not a valid URL.", "resource://gre/modules/NetworkGeolocationProvider.sys.mjs", 393))
console.error: (new TypeError(" is not a valid URL.", "resource://gre/modules/NetworkGeolocationProvider.sys.mjs", 393))
console.error: (new TypeError(" is not a valid URL.", "resource://gre/modules/NetworkGeolocationProvider.sys.mjs", 393))
console.error: (new TypeError(" is not a valid URL.", "resource://gre/modules/NetworkGeolocationProvider.sys.mjs", 393))
console.error: (new TypeError(" is not a valid URL.", "resource://gre/modules/NetworkGeolocationProvider.sys.mjs", 393))
console.error: (new TypeError(" is not a valid URL.", "resource://gre/modules/NetworkGeolocationProvider.sys.mjs", 393))
console.error: (new TypeError(" is not a valid URL.", "resource://gre/modules/NetworkGeolocationProvider.sys.mjs", 393))
console.error: (new TypeError(" is not a valid URL.", "resource://gre/modules/NetworkGeolocationProvider.sys.mjs", 393))
console.error: (new TypeError(" is not a valid URL.", "resource://gre/modules/NetworkGeolocationProvider.sys.mjs", 393))
console.error: (new TypeError(" is not a valid URL.", "resource://gre/modules/NetworkGeolocationProvider.sys.mjs", 393))
console.error: (new TypeError(" is not a valid URL.", "resource://gre/modules/NetworkGeolocationProvider.sys.mjs", 393))
console.error: (new TypeError(" is not a valid URL.", "resource://gre/modules/NetworkGeolocationProvider.sys.mjs", 393))
console.error: (new TypeError(" is not a valid URL.", "resource://gre/modules/NetworkGeolocationProvider.sys.mjs", 393))
console.error: (new TypeError(" is not a valid URL.", "resource://gre/modules/NetworkGeolocationProvider.sys.mjs", 393))
console.error: (new TypeError(" is not a valid URL.", "resource://gre/modules/NetworkGeolocationProvider.sys.mjs", 393))
console.error: (new TypeError(" is not a valid URL.", "resource://gre/modules/NetworkGeolocationProvider.sys.mjs", 393))
console.error: (new TypeError(" is not a valid URL.", "resource://gre/modules/NetworkGeolocationProvider.sys.mjs", 393))
console.error: (new TypeError(" is not a valid URL.", "resource://gre/modules/NetworkGeolocationProvider.sys.mjs", 393))
console.error: (new TypeError(" is not a valid URL.", "resource://gre/modules/NetworkGeolocationProvider.sys.mjs", 393))
The XKEYBOARD keymap compiler (xkbcomp) reports:
> Warning:          Unsupported maximum keycode 709, clipping.
>                   X11 cannot support keycodes above 255.
> Warning:          Virtual modifier Hyper multiply defined
>                   Using 0, ignoring 0
> Warning:          Virtual modifier ScrollLock multiply defined
>                   Using 0, ignoring 0
Errors from xkbcomp are not fatal to the X server
[0.149] [PARSE ERROR] Unknown terminfo property: query-os-name
The XKEYBOARD keymap compiler (xkbcomp) reports:
> Warning:          Unsupported maximum keycode 709, clipping.
>                   X11 cannot support keycodes above 255.
> Warning:          Virtual modifier Hyper multiply defined
>                   Using 0, ignoring 0
> Warning:          Virtual modifier ScrollLock multiply defined
>                   Using 0, ignoring 0
Errors from xkbcomp are not fatal to the X server
[608.164] [glfw error 65544]: Unknown keymap format: 0
[0.351] [glfw error 65544]: Unknown keymap format: 0
[261.313] [glfw error 65544]: Unknown keymap format: 0
[465.512] [glfw error 65544]: Unknown keymap format: 0
The XKEYBOARD keymap compiler (xkbcomp) reports:
> Warning:          Unsupported maximum keycode 709, clipping.
>                   X11 cannot support keycodes above 255.
> Warning:          Virtual modifier Hyper multiply defined
>                   Using 0, ignoring 0
> Warning:          Virtual modifier ScrollLock multiply defined
>                   Using 0, ignoring 0
Errors from xkbcomp are not fatal to the X server
The XKEYBOARD keymap compiler (xkbcomp) reports:
> Warning:          Unsupported maximum keycode 709, clipping.
>                   X11 cannot support keycodes above 255.
> Warning:          Virtual modifier Hyper multiply defined
>                   Using 0, ignoring 0
> Warning:          Virtual modifier ScrollLock multiply defined
>                   Using 0, ignoring 0
Errors from xkbcomp are not fatal to the X server
The XKEYBOARD keymap compiler (xkbcomp) reports:
> Warning:          Unsupported maximum keycode 709, clipping.
>                   X11 cannot support keycodes above 255.
> Warning:          Virtual modifier Hyper multiply defined
>                   Using 0, ignoring 0
> Warning:          Virtual modifier ScrollLock multiply defined
>                   Using 0, ignoring 0
Errors from xkbcomp are not fatal to the X server
The XKEYBOARD keymap compiler (xkbcomp) reports:
> Warning:          Unsupported maximum keycode 709, clipping.
>                   X11 cannot support keycodes above 255.
> Warning:          Virtual modifier Hyper multiply defined
>                   Using 0, ignoring 0
> Warning:          Virtual modifier ScrollLock multiply defined
>                   Using 0, ignoring 0
Errors from xkbcomp are not fatal to the X server
The XKEYBOARD keymap compiler (xkbcomp) reports:
> Warning:          Unsupported maximum keycode 709, clipping.
>                   X11 cannot support keycodes above 255.
> Warning:          Virtual modifier Hyper multiply defined
>                   Using 0, ignoring 0
> Warning:          Virtual modifier ScrollLock multiply defined
>                   Using 0, ignoring 0
Errors from xkbcomp are not fatal to the X server
The XKEYBOARD keymap compiler (xkbcomp) reports:
> Warning:          Unsupported maximum keycode 709, clipping.
>                   X11 cannot support keycodes above 255.
> Warning:          Virtual modifier Hyper multiply defined
>                   Using 0, ignoring 0
> Warning:          Virtual modifier ScrollLock multiply defined
>                   Using 0, ignoring 0
Errors from xkbcomp are not fatal to the X server
The XKEYBOARD keymap compiler (xkbcomp) reports:
> Warning:          Unsupported maximum keycode 709, clipping.
>                   X11 cannot support keycodes above 255.
> Warning:          Virtual modifier Hyper multiply defined
>                   Using 0, ignoring 0
> Warning:          Virtual modifier ScrollLock multiply defined
>                   Using 0, ignoring 0
Errors from xkbcomp are not fatal to the X server
console.error: (new TypeError(" is not a valid URL.", "resource://gre/modules/NetworkGeolocationProvider.sys.mjs", 393))
console.error: (new TypeError(" is not a valid URL.", "resource://gre/modules/NetworkGeolocationProvider.sys.mjs", 393))
console.error: (new TypeError(" is not a valid URL.", "resource://gre/modules/NetworkGeolocationProvider.sys.mjs", 393))
console.error: (new TypeError(" is not a valid URL.", "resource://gre/modules/NetworkGeolocationProvider.sys.mjs", 393))
console.error: (new TypeError(" is not a valid URL.", "resource://gre/modules/NetworkGeolocationProvider.sys.mjs", 393))
console.error: (new TypeError(" is not a valid URL.", "resource://gre/modules/NetworkGeolocationProvider.sys.mjs", 393))
console.error: (new TypeError(" is not a valid URL.", "resource://gre/modules/NetworkGeolocationProvider.sys.mjs", 393))
console.error: (new TypeError(" is not a valid URL.", "resource://gre/modules/NetworkGeolocationProvider.sys.mjs", 393))
console.error: (new TypeError(" is not a valid URL.", "resource://gre/modules/NetworkGeolocationProvider.sys.mjs", 393))
console.error: (new TypeError(" is not a valid URL.", "resource://gre/modules/NetworkGeolocationProvider.sys.mjs", 393))
console.error: (new TypeError(" is not a valid URL.", "resource://gre/modules/NetworkGeolocationProvider.sys.mjs", 393))
console.error: (new TypeError(" is not a valid URL.", "resource://gre/modules/NetworkGeolocationProvider.sys.mjs", 393))
console.error: (new TypeError(" is not a valid URL.", "resource://gre/modules/NetworkGeolocationProvider.sys.mjs", 393))
console.error: (new TypeError(" is not a valid URL.", "resource://gre/modules/NetworkGeolocationProvider.sys.mjs", 393))
console.error: (new TypeError(" is not a valid URL.", "resource://gre/modules/NetworkGeolocationProvider.sys.mjs", 393))
console.error: (new TypeError(" is not a valid URL.", "resource://gre/modules/NetworkGeolocationProvider.sys.mjs", 393))
console.error: (new TypeError(" is not a valid URL.", "resource://gre/modules/NetworkGeolocationProvider.sys.mjs", 393))
console.error: (new TypeError(" is not a valid URL.", "resource://gre/modules/NetworkGeolocationProvider.sys.mjs", 393))
console.error: (new TypeError(" is not a valid URL.", "resource://gre/modules/NetworkGeolocationProvider.sys.mjs", 393))
console.error: (new TypeError(" is not a valid URL.", "resource://gre/modules/NetworkGeolocationProvider.sys.mjs", 393))
console.error: (new TypeError(" is not a valid URL.", "resource://gre/modules/NetworkGeolocationProvider.sys.mjs", 393))
console.error: (new TypeError(" is not a valid URL.", "resource://gre/modules/NetworkGeolocationProvider.sys.mjs", 393))
console.error: (new TypeError(" is not a valid URL.", "resource://gre/modules/NetworkGeolocationProvider.sys.mjs", 393))
console.error: (new TypeError(" is not a valid URL.", "resource://gre/modules/NetworkGeolocationProvider.sys.mjs", 393))
console.error: (new TypeError(" is not a valid URL.", "resource://gre/modules/NetworkGeolocationProvider.sys.mjs", 393))
console.error: (new TypeError(" is not a valid URL.", "resource://gre/modules/NetworkGeolocationProvider.sys.mjs", 393))
console.error: (new TypeError(" is not a valid URL.", "resource://gre/modules/NetworkGeolocationProvider.sys.mjs", 393))
The XKEYBOARD keymap compiler (xkbcomp) reports:
> Warning:          Unsupported maximum keycode 709, clipping.
>                   X11 cannot support keycodes above 255.
> Warning:          Virtual modifier Hyper multiply defined
>                   Using 0, ignoring 0
> Warning:          Virtual modifier ScrollLock multiply defined
>                   Using 0, ignoring 0
Errors from xkbcomp are not fatal to the X server
The XKEYBOARD keymap compiler (xkbcomp) reports:
> Warning:          Unsupported maximum keycode 709, clipping.
>                   X11 cannot support keycodes above 255.
> Warning:          Virtual modifier Hyper multiply defined
>                   Using 0, ignoring 0
> Warning:          Virtual modifier ScrollLock multiply defined
>                   Using 0, ignoring 0
Errors from xkbcomp are not fatal to the X server
The XKEYBOARD keymap compiler (xkbcomp) reports:
> Warning:          Unsupported maximum keycode 709, clipping.
>                   X11 cannot support keycodes above 255.
> Warning:          Virtual modifier Hyper multiply defined
>                   Using 0, ignoring 0
> Warning:          Virtual modifier ScrollLock multiply defined
>                   Using 0, ignoring 0
Errors from xkbcomp are not fatal to the X server
The XKEYBOARD keymap compiler (xkbcomp) reports:
> Warning:          Unsupported maximum keycode 709, clipping.
>                   X11 cannot support keycodes above 255.
> Warning:          Virtual modifier Hyper multiply defined
>                   Using 0, ignoring 0
> Warning:          Virtual modifier ScrollLock multiply defined
>                   Using 0, ignoring 0
Errors from xkbcomp are not fatal to the X server
The XKEYBOARD keymap compiler (xkbcomp) reports:
> Warning:          Unsupported maximum keycode 709, clipping.
>                   X11 cannot support keycodes above 255.
> Warning:          Virtual modifier Hyper multiply defined
>                   Using 0, ignoring 0
> Warning:          Virtual modifier ScrollLock multiply defined
>                   Using 0, ignoring 0
Errors from xkbcomp are not fatal to the X server
The XKEYBOARD keymap compiler (xkbcomp) reports:
> Warning:          Unsupported maximum keycode 709, clipping.
>                   X11 cannot support keycodes above 255.
> Warning:          Virtual modifier Hyper multiply defined
>                   Using 0, ignoring 0
> Warning:          Virtual modifier ScrollLock multiply defined
>                   Using 0, ignoring 0
Errors from xkbcomp are not fatal to the X server
console.error: "Error in processing browser-window-domcontentloaded for CustomizableUI.handleNewBrowserWindow"
console.error: (new TypeError("can't access property \"id\", aToolbar is null", "resource:///modules/CustomizableUI.sys.mjs", 1239))
[Parent 4359, Main Thread] WARNING: gdk_x11_window_get_xid: assertion 'GDK_IS_X11_WINDOW (window)' failed: 'glib warning', file waterfox-6.6.7/toolkit/xre/nsSigHandlers.cpp:201

(waterfox-default:4359): Gdk-CRITICAL **: 11:32:28.404: gdk_x11_window_get_xid: assertion 'GDK_IS_X11_WINDOW (window)' failed
[Parent 4359, Main Thread] WARNING: Unable to register object on bus: An object is already exported for the interface com.canonical.dbusmenu at /com/canonical/menu/0: 'glib warning', file waterfox-6.6.7/toolkit/xre/nsSigHandlers.cpp:201

(waterfox-default:4359): LIBDBUSMENU-GLIB-WARNING **: 11:32:28.407: Unable to register object on bus: An object is already exported for the interface com.canonical.dbusmenu at /com/canonical/menu/0
console.debug: "Applying chrome://browser/content/overlays/tabfeatures.xhtml to chrome://browser/content/browser.xhtml"
console.debug: "Applying chrome://browser/content/overlays/privatetab.xhtml to chrome://browser/content/browser.xhtml"
console.debug: "Applying chrome://browser/content/overlays/statusbar.xhtml to chrome://browser/content/browser.xhtml"
JavaScript warning: https://www.google.com/js/bg/osCXNe5i45gWPQUMuoAsFHMlq7zmbAnytvj9ht3WrxI.js, line 727: unreachable code after return statement
JavaScript warning: https://www.google.com/js/bg/osCXNe5i45gWPQUMuoAsFHMlq7zmbAnytvj9ht3WrxI.js, line 727: unreachable code after return statement
JavaScript warning: https://www.google.com/js/bg/osCXNe5i45gWPQUMuoAsFHMlq7zmbAnytvj9ht3WrxI.js, line 727: unreachable code after return statement
JavaScript warning: https://www.google.com/js/bg/osCXNe5i45gWPQUMuoAsFHMlq7zmbAnytvj9ht3WrxI.js line 2 > eval, line 727: unreachable code after return statement
JavaScript warning: https://www.google.com/js/bg/osCXNe5i45gWPQUMuoAsFHMlq7zmbAnytvj9ht3WrxI.js line 2 > eval line 727 > eval, line 1: unreachable code after return statement
JavaScript warning: https://www.google.com/js/bg/osCXNe5i45gWPQUMuoAsFHMlq7zmbAnytvj9ht3WrxI.js line 2 > eval line 727 > eval line 1 > eval, line 1: unreachable code after return statement
JavaScript warning: https://www.google.com/js/bg/osCXNe5i45gWPQUMuoAsFHMlq7zmbAnytvj9ht3WrxI.js line 2 > eval, line 727: unreachable code after return statement
JavaScript warning: https://www.google.com/js/bg/osCXNe5i45gWPQUMuoAsFHMlq7zmbAnytvj9ht3WrxI.js line 2 > eval, line 727: unreachable code after return statement
JavaScript warning: https://www.google.com/js/bg/osCXNe5i45gWPQUMuoAsFHMlq7zmbAnytvj9ht3WrxI.js line 2 > eval line 727 > eval line 1 > eval, line 1: unreachable code after return statement
JavaScript warning: https://www.google.com/js/bg/osCXNe5i45gWPQUMuoAsFHMlq7zmbAnytvj9ht3WrxI.js line 2 > eval line 727 > eval line 1 > eval line 1 > eval, line 1: unreachable code after return statement
The XKEYBOARD keymap compiler (xkbcomp) reports:
> Warning:          Unsupported maximum keycode 709, clipping.
>                   X11 cannot support keycodes above 255.
> Warning:          Virtual modifier Hyper multiply defined
>                   Using 0, ignoring 0
> Warning:          Virtual modifier ScrollLock multiply defined
>                   Using 0, ignoring 0
Errors from xkbcomp are not fatal to the X server
console.error: (new TypeError(" is not a valid URL.", "resource://gre/modules/NetworkGeolocationProvider.sys.mjs", 393))
console.error: (new TypeError(" is not a valid URL.", "resource://gre/modules/NetworkGeolocationProvider.sys.mjs", 393))
console.error: (new TypeError(" is not a valid URL.", "resource://gre/modules/NetworkGeolocationProvider.sys.mjs", 393))
The XKEYBOARD keymap compiler (xkbcomp) reports:
> Warning:          Unsupported maximum keycode 709, clipping.
>                   X11 cannot support keycodes above 255.
> Warning:          Virtual modifier Hyper multiply defined
>                   Using 0, ignoring 0
> Warning:          Virtual modifier ScrollLock multiply defined
>                   Using 0, ignoring 0
Errors from xkbcomp are not fatal to the X server
The XKEYBOARD keymap compiler (xkbcomp) reports:
> Warning:          Unsupported maximum keycode 709, clipping.
>                   X11 cannot support keycodes above 255.
> Warning:          Virtual modifier Hyper multiply defined
>                   Using 0, ignoring 0
> Warning:          Virtual modifier ScrollLock multiply defined
>                   Using 0, ignoring 0
Errors from xkbcomp are not fatal to the X server
[663.116] [316.264] [glfw error 65544]: Unknown keymap format: 0
[glfw error 65544]: Unknown keymap format: 0
[520.460] [glfw error 65544]: Unknown keymap format: 0
[55.303] [glfw error 65544]: Unknown keymap format: 0
console.error: (new TypeError(" is not a valid URL.", "resource://gre/modules/NetworkGeolocationProvider.sys.mjs", 393))
console.error: (new TypeError(" is not a valid URL.", "resource://gre/modules/NetworkGeolocationProvider.sys.mjs", 393))
console.error: (new TypeError(" is not a valid URL.", "resource://gre/modules/NetworkGeolocationProvider.sys.mjs", 393))
[664.563] [glfw error 65544]: Unknown keymap format: 0
[56.750] [glfw error 65544]: Unknown keymap format: 0
[521.907] [glfw error 65544]: Unknown keymap format: 0
[317.711] [glfw error 65544]: Unknown keymap format: 0
The XKEYBOARD keymap compiler (xkbcomp) reports:
> Warning:          Unsupported maximum keycode 709, clipping.
>                   X11 cannot support keycodes above 255.
> Warning:          Virtual modifier Hyper multiply defined
>                   Using 0, ignoring 0
> Warning:          Virtual modifier ScrollLock multiply defined
>                   Using 0, ignoring 0
Errors from xkbcomp are not fatal to the X server
The XKEYBOARD keymap compiler (xkbcomp) reports:
> Warning:          Unsupported maximum keycode 709, clipping.
>                   X11 cannot support keycodes above 255.
> Warning:          Virtual modifier Hyper multiply defined
>                   Using 0, ignoring 0
> Warning:          Virtual modifier ScrollLock multiply defined
>                   Using 0, ignoring 0
Errors from xkbcomp are not fatal to the X server
The XKEYBOARD keymap compiler (xkbcomp) reports:
> Warning:          Unsupported maximum keycode 709, clipping.
>                   X11 cannot support keycodes above 255.
> Warning:          Virtual modifier Hyper multiply defined
>                   Using 0, ignoring 0
> Warning:          Virtual modifier ScrollLock multiply defined
>                   Using 0, ignoring 0
Errors from xkbcomp are not fatal to the X server
The XKEYBOARD keymap compiler (xkbcomp) reports:
> Warning:          Unsupported maximum keycode 709, clipping.
>                   X11 cannot support keycodes above 255.
> Warning:          Virtual modifier Hyper multiply defined
>                   Using 0, ignoring 0
> Warning:          Virtual modifier ScrollLock multiply defined
>                   Using 0, ignoring 0
Errors from xkbcomp are not fatal to the X server
The XKEYBOARD keymap compiler (xkbcomp) reports:
> Warning:          Unsupported maximum keycode 709, clipping.
>                   X11 cannot support keycodes above 255.
> Warning:          Virtual modifier Hyper multiply defined
>                   Using 0, ignoring 0
> Warning:          Virtual modifier ScrollLock multiply defined
>                   Using 0, ignoring 0
Errors from xkbcomp are not fatal to the X server
console.error: (new TypeError(" is not a valid URL.", "resource://gre/modules/NetworkGeolocationProvider.sys.mjs", 393))
console.error: (new TypeError(" is not a valid URL.", "resource://gre/modules/NetworkGeolocationProvider.sys.mjs", 393))
console.error: (new TypeError(" is not a valid URL.", "resource://gre/modules/NetworkGeolocationProvider.sys.mjs", 393))
The XKEYBOARD keymap compiler (xkbcomp) reports:
> Warning:          Unsupported maximum keycode 709, clipping.
>                   X11 cannot support keycodes above 255.
> Warning:          Virtual modifier Hyper multiply defined
>                   Using 0, ignoring 0
> Warning:          Virtual modifier ScrollLock multiply defined
>                   Using 0, ignoring 0
Errors from xkbcomp are not fatal to the X server
The XKEYBOARD keymap compiler (xkbcomp) reports:
> Warning:          Unsupported maximum keycode 709, clipping.
>                   X11 cannot support keycodes above 255.
> Warning:          Virtual modifier Hyper multiply defined
>                   Using 0, ignoring 0
> Warning:          Virtual modifier ScrollLock multiply defined
>                   Using 0, ignoring 0
Errors from xkbcomp are not fatal to the X server
The XKEYBOARD keymap compiler (xkbcomp) reports:
> Warning:          Unsupported maximum keycode 709, clipping.
>                   X11 cannot support keycodes above 255.
> Warning:          Virtual modifier Hyper multiply defined
>                   Using 0, ignoring 0
> Warning:          Virtual modifier ScrollLock multiply defined
>                   Using 0, ignoring 0
Errors from xkbcomp are not fatal to the X server
JavaScript error: , line 0: TypeError: ServiceWorker script at https://github.com/assets-cdn/worker/service-worker-37e2c478811897c4.js?current_user=guilty-p01nt3r&errors_url=https%3A%2F%2Fapi.github.com%2F_private%2Fbrowser%2Ferrors&release=0febe0b2abcfda98b66de36d78730b086f33d5e4&actor_id=31125013&is_staff=false&analytics_collector_url=https%3A%2F%2Fcollector.github.com%2Fgithub%2Fcollect&module=true for scope https://github.com/ threw an exception during script evaluation.
console.error: (new TypeError(" is not a valid URL.", "resource://gre/modules/NetworkGeolocationProvider.sys.mjs", 393))
console.error: (new TypeError(" is not a valid URL.", "resource://gre/modules/NetworkGeolocationProvider.sys.mjs", 393))
console.error: (new TypeError(" is not a valid URL.", "resource://gre/modules/NetworkGeolocationProvider.sys.mjs", 393))
console.error: (new TypeError(" is not a valid URL.", "resource://gre/modules/NetworkGeolocationProvider.sys.mjs", 393))
console.error: (new TypeError(" is not a valid URL.", "resource://gre/modules/NetworkGeolocationProvider.sys.mjs", 393))
console.error: (new TypeError(" is not a valid URL.", "resource://gre/modules/NetworkGeolocationProvider.sys.mjs", 393))
console.error: (new TypeError(" is not a valid URL.", "resource://gre/modules/NetworkGeolocationProvider.sys.mjs", 393))
console.error: (new TypeError(" is not a valid URL.", "resource://gre/modules/NetworkGeolocationProvider.sys.mjs", 393))
console.error: (new TypeError(" is not a valid URL.", "resource://gre/modules/NetworkGeolocationProvider.sys.mjs", 393))
console.error: (new TypeError(" is not a valid URL.", "resource://gre/modules/NetworkGeolocationProvider.sys.mjs", 393))
console.error: (new TypeError(" is not a valid URL.", "resource://gre/modules/NetworkGeolocationProvider.sys.mjs", 393))
console.error: (new TypeError(" is not a valid URL.", "resource://gre/modules/NetworkGeolocationProvider.sys.mjs", 393))
console.error: (new TypeError(" is not a valid URL.", "resource://gre/modules/NetworkGeolocationProvider.sys.mjs", 393))
console.error: (new TypeError(" is not a valid URL.", "resource://gre/modules/NetworkGeolocationProvider.sys.mjs", 393))
console.error: (new TypeError(" is not a valid URL.", "resource://gre/modules/NetworkGeolocationProvider.sys.mjs", 393))
console.error: (new TypeError(" is not a valid URL.", "resource://gre/modules/NetworkGeolocationProvider.sys.mjs", 393))
console.error: (new TypeError(" is not a valid URL.", "resource://gre/modules/NetworkGeolocationProvider.sys.mjs", 393))
console.error: (new TypeError(" is not a valid URL.", "resource://gre/modules/NetworkGeolocationProvider.sys.mjs", 393))
console.error: (new TypeError(" is not a valid URL.", "resource://gre/modules/NetworkGeolocationProvider.sys.mjs", 393))
console.error: (new TypeError(" is not a valid URL.", "resource://gre/modules/NetworkGeolocationProvider.sys.mjs", 393))
console.error: (new TypeError(" is not a valid URL.", "resource://gre/modules/NetworkGeolocationProvider.sys.mjs", 393))
console.error: (new TypeError(" is not a valid URL.", "resource://gre/modules/NetworkGeolocationProvider.sys.mjs", 393))
console.error: (new TypeError(" is not a valid URL.", "resource://gre/modules/NetworkGeolocationProvider.sys.mjs", 393))
console.error: (new TypeError(" is not a valid URL.", "resource://gre/modules/NetworkGeolocationProvider.sys.mjs", 393))
[0.159] [PARSE ERROR] Unknown terminfo property: query-os-name
The XKEYBOARD keymap compiler (xkbcomp) reports:
> Warning:          Unsupported maximum keycode 709, clipping.
>                   X11 cannot support keycodes above 255.
> Warning:          Virtual modifier Hyper multiply defined
>                   Using 0, ignoring 0
> Warning:          Virtual modifier ScrollLock multiply defined
>                   Using 0, ignoring 0
Errors from xkbcomp are not fatal to the X server
console.error: (new TypeError(" is not a valid URL.", "resource://gre/modules/NetworkGeolocationProvider.sys.mjs", 393))
console.error: (new TypeError(" is not a valid URL.", "resource://gre/modules/NetworkGeolocationProvider.sys.mjs", 393))
console.error: (new TypeError(" is not a valid URL.", "resource://gre/modules/NetworkGeolocationProvider.sys.mjs", 393))
The XKEYBOARD keymap compiler (xkbcomp) reports:
> Warning:          Unsupported maximum keycode 709, clipping.
>                   X11 cannot support keycodes above 255.
> Warning:          Virtual modifier Hyper multiply defined
>                   Using 0, ignoring 0
> Warning:          Virtual modifier ScrollLock multiply defined
>                   Using 0, ignoring 0
Errors from xkbcomp are not fatal to the X server
The XKEYBOARD keymap compiler (xkbcomp) reports:
> Warning:          Unsupported maximum keycode 709, clipping.
>                   X11 cannot support keycodes above 255.
> Warning:          Virtual modifier Hyper multiply defined
>                   Using 0, ignoring 0
> Warning:          Virtual modifier ScrollLock multiply defined
>                   Using 0, ignoring 0
Errors from xkbcomp are not fatal to the X server
console.error: (new TypeError(" is not a valid URL.", "resource://gre/modules/NetworkGeolocationProvider.sys.mjs", 393))
console.error: (new TypeError(" is not a valid URL.", "resource://gre/modules/NetworkGeolocationProvider.sys.mjs", 393))
console.error: (new TypeError(" is not a valid URL.", "resource://gre/modules/NetworkGeolocationProvider.sys.mjs", 393))
console.error: (new TypeError(" is not a valid URL.", "resource://gre/modules/NetworkGeolocationProvider.sys.mjs", 393))
console.error: (new TypeError(" is not a valid URL.", "resource://gre/modules/NetworkGeolocationProvider.sys.mjs", 393))
console.error: (new TypeError(" is not a valid URL.", "resource://gre/modules/NetworkGeolocationProvider.sys.mjs", 393))
The XKEYBOARD keymap compiler (xkbcomp) reports:
> Warning:          Unsupported maximum keycode 709, clipping.
>                   X11 cannot support keycodes above 255.
> Warning:          Virtual modifier Hyper multiply defined
>                   Using 0, ignoring 0
> Warning:          Virtual modifier ScrollLock multiply defined
>                   Using 0, ignoring 0
Errors from xkbcomp are not fatal to the X server
The XKEYBOARD keymap compiler (xkbcomp) reports:
> Warning:          Unsupported maximum keycode 709, clipping.
>                   X11 cannot support keycodes above 255.
> Warning:          Virtual modifier Hyper multiply defined
>                   Using 0, ignoring 0
> Warning:          Virtual modifier ScrollLock multiply defined
>                   Using 0, ignoring 0
Errors from xkbcomp are not fatal to the X server
The XKEYBOARD keymap compiler (xkbcomp) reports:
> Warning:          Unsupported maximum keycode 709, clipping.
>                   X11 cannot support keycodes above 255.
> Warning:          Virtual modifier Hyper multiply defined
>                   Using 0, ignoring 0
> Warning:          Virtual modifier ScrollLock multiply defined
>                   Using 0, ignoring 0
Errors from xkbcomp are not fatal to the X server
The XKEYBOARD keymap compiler (xkbcomp) reports:
> Warning:          Unsupported maximum keycode 709, clipping.
>                   X11 cannot support keycodes above 255.
> Warning:          Virtual modifier Hyper multiply defined
>                   Using 0, ignoring 0
> Warning:          Virtual modifier ScrollLock multiply defined
>                   Using 0, ignoring 0
Errors from xkbcomp are not fatal to the X server
console.error: (new TypeError(" is not a valid URL.", "resource://gre/modules/NetworkGeolocationProvider.sys.mjs", 393))
console.error: (new TypeError(" is not a valid URL.", "resource://gre/modules/NetworkGeolocationProvider.sys.mjs", 393))
console.error: (new TypeError(" is not a valid URL.", "resource://gre/modules/NetworkGeolocationProvider.sys.mjs", 393))
console.error: (new TypeError(" is not a valid URL.", "resource://gre/modules/NetworkGeolocationProvider.sys.mjs", 393))
console.error: (new TypeError(" is not a valid URL.", "resource://gre/modules/NetworkGeolocationProvider.sys.mjs", 393))
console.error: (new TypeError(" is not a valid URL.", "resource://gre/modules/NetworkGeolocationProvider.sys.mjs", 393))
console.error: (new TypeError(" is not a valid URL.", "resource://gre/modules/NetworkGeolocationProvider.sys.mjs", 393))
console.error: (new TypeError(" is not a valid URL.", "resource://gre/modules/NetworkGeolocationProvider.sys.mjs", 393))
console.error: (new TypeError(" is not a valid URL.", "resource://gre/modules/NetworkGeolocationProvider.sys.mjs", 393))
console.error: (new TypeError(" is not a valid URL.", "resource://gre/modules/NetworkGeolocationProvider.sys.mjs", 393))
console.error: (new TypeError(" is not a valid URL.", "resource://gre/modules/NetworkGeolocationProvider.sys.mjs", 393))
console.error: (new TypeError(" is not a valid URL.", "resource://gre/modules/NetworkGeolocationProvider.sys.mjs", 393))
console.error: (new TypeError(" is not a valid URL.", "resource://gre/modules/NetworkGeolocationProvider.sys.mjs", 393))
console.error: (new TypeError(" is not a valid URL.", "resource://gre/modules/NetworkGeolocationProvider.sys.mjs", 393))
console.error: (new TypeError(" is not a valid URL.", "resource://gre/modules/NetworkGeolocationProvider.sys.mjs", 393))
console.error: (new TypeError(" is not a valid URL.", "resource://gre/modules/NetworkGeolocationProvider.sys.mjs", 393))
console.error: (new TypeError(" is not a valid URL.", "resource://gre/modules/NetworkGeolocationProvider.sys.mjs", 393))
console.error: (new TypeError(" is not a valid URL.", "resource://gre/modules/NetworkGeolocationProvider.sys.mjs", 393))
console.error: (new TypeError(" is not a valid URL.", "resource://gre/modules/NetworkGeolocationProvider.sys.mjs", 393))
console.error: (new TypeError(" is not a valid URL.", "resource://gre/modules/NetworkGeolocationProvider.sys.mjs", 393))
console.error: (new TypeError(" is not a valid URL.", "resource://gre/modules/NetworkGeolocationProvider.sys.mjs", 393))
console.error: (new TypeError(" is not a valid URL.", "resource://gre/modules/NetworkGeolocationProvider.sys.mjs", 393))
console.error: (new TypeError(" is not a valid URL.", "resource://gre/modules/NetworkGeolocationProvider.sys.mjs", 393))
console.error: (new TypeError(" is not a valid URL.", "resource://gre/modules/NetworkGeolocationProvider.sys.mjs", 393))
console.error: (new TypeError(" is not a valid URL.", "resource://gre/modules/NetworkGeolocationProvider.sys.mjs", 393))
console.error: (new TypeError(" is not a valid URL.", "resource://gre/modules/NetworkGeolocationProvider.sys.mjs", 393))
console.error: (new TypeError(" is not a valid URL.", "resource://gre/modules/NetworkGeolocationProvider.sys.mjs", 393))
console.error: (new TypeError(" is not a valid URL.", "resource://gre/modules/NetworkGeolocationProvider.sys.mjs", 393))
console.error: (new TypeError(" is not a valid URL.", "resource://gre/modules/NetworkGeolocationProvider.sys.mjs", 393))
console.error: (new TypeError(" is not a valid URL.", "resource://gre/modules/NetworkGeolocationProvider.sys.mjs", 393))
console.error: (new TypeError(" is not a valid URL.", "resource://gre/modules/NetworkGeolocationProvider.sys.mjs", 393))
console.error: (new TypeError(" is not a valid URL.", "resource://gre/modules/NetworkGeolocationProvider.sys.mjs", 393))
console.error: (new TypeError(" is not a valid URL.", "resource://gre/modules/NetworkGeolocationProvider.sys.mjs", 393))
The XKEYBOARD keymap compiler (xkbcomp) reports:
> Warning:          Unsupported maximum keycode 709, clipping.
>                   X11 cannot support keycodes above 255.
> Warning:          Virtual modifier Hyper multiply defined
>                   Using 0, ignoring 0
> Warning:          Virtual modifier ScrollLock multiply defined
>                   Using 0, ignoring 0
Errors from xkbcomp are not fatal to the X server
[0.159] [PARSE ERROR] Unknown terminfo property: query-os-name
console.error: (new TypeError(" is not a valid URL.", "resource://gre/modules/NetworkGeolocationProvider.sys.mjs", 393))
console.error: (new TypeError(" is not a valid URL.", "resource://gre/modules/NetworkGeolocationProvider.sys.mjs", 393))
console.error: (new TypeError(" is not a valid URL.", "resource://gre/modules/NetworkGeolocationProvider.sys.mjs", 393))
console.error: (new TypeError(" is not a valid URL.", "resource://gre/modules/NetworkGeolocationProvider.sys.mjs", 393))
console.error: (new TypeError(" is not a valid URL.", "resource://gre/modules/NetworkGeolocationProvider.sys.mjs", 393))
console.error: (new TypeError(" is not a valid URL.", "resource://gre/modules/NetworkGeolocationProvider.sys.mjs", 393))
The XKEYBOARD keymap compiler (xkbcomp) reports:
> Warning:          Unsupported maximum keycode 709, clipping.
>                   X11 cannot support keycodes above 255.
> Warning:          Virtual modifier Hyper multiply defined
>                   Using 0, ignoring 0
> Warning:          Virtual modifier ScrollLock multiply defined
>                   Using 0, ignoring 0
Errors from xkbcomp are not fatal to the X server
console.error: (new TypeError(" is not a valid URL.", "resource://gre/modules/NetworkGeolocationProvider.sys.mjs", 393))
console.error: (new TypeError(" is not a valid URL.", "resource://gre/modules/NetworkGeolocationProvider.sys.mjs", 393))
console.error: (new TypeError(" is not a valid URL.", "resource://gre/modules/NetworkGeolocationProvider.sys.mjs", 393))
console.error: (new TypeError(" is not a valid URL.", "resource://gre/modules/NetworkGeolocationProvider.sys.mjs", 393))
console.error: (new TypeError(" is not a valid URL.", "resource://gre/modules/NetworkGeolocationProvider.sys.mjs", 393))
console.error: (new TypeError(" is not a valid URL.", "resource://gre/modules/NetworkGeolocationProvider.sys.mjs", 393))
console.error: (new TypeError(" is not a valid URL.", "resource://gre/modules/NetworkGeolocationProvider.sys.mjs", 393))
console.error: (new TypeError(" is not a valid URL.", "resource://gre/modules/NetworkGeolocationProvider.sys.mjs", 393))
console.error: (new TypeError(" is not a valid URL.", "resource://gre/modules/NetworkGeolocationProvider.sys.mjs", 393))
[25.846] [PARSE ERROR] Escape codes to resize text area are not supported
console.error: (new TypeError(" is not a valid URL.", "resource://gre/modules/NetworkGeolocationProvider.sys.mjs", 393))
console.error: (new TypeError(" is not a valid URL.", "resource://gre/modules/NetworkGeolocationProvider.sys.mjs", 393))
console.error: (new TypeError(" is not a valid URL.", "resource://gre/modules/NetworkGeolocationProvider.sys.mjs", 393))
The XKEYBOARD keymap compiler (xkbcomp) reports:
> Warning:          Unsupported maximum keycode 709, clipping.
>                   X11 cannot support keycodes above 255.
> Warning:          Virtual modifier Hyper multiply defined
>                   Using 0, ignoring 0
> Warning:          Virtual modifier ScrollLock multiply defined
>                   Using 0, ignoring 0
Errors from xkbcomp are not fatal to the X server
The XKEYBOARD keymap compiler (xkbcomp) reports:
> Warning:          Unsupported maximum keycode 709, clipping.
>                   X11 cannot support keycodes above 255.
> Warning:          Virtual modifier Hyper multiply defined
>                   Using 0, ignoring 0
> Warning:          Virtual modifier ScrollLock multiply defined
>                   Using 0, ignoring 0
Errors from xkbcomp are not fatal to the X server
The XKEYBOARD keymap compiler (xkbcomp) reports:
> Warning:          Unsupported maximum keycode 709, clipping.
>                   X11 cannot support keycodes above 255.
> Warning:          Virtual modifier Hyper multiply defined
>                   Using 0, ignoring 0
> Warning:          Virtual modifier ScrollLock multiply defined
>                   Using 0, ignoring 0
Errors from xkbcomp are not fatal to the X server
console.error: (new TypeError(" is not a valid URL.", "resource://gre/modules/NetworkGeolocationProvider.sys.mjs", 393))
console.error: (new TypeError(" is not a valid URL.", "resource://gre/modules/NetworkGeolocationProvider.sys.mjs", 393))
console.error: (new TypeError(" is not a valid URL.", "resource://gre/modules/NetworkGeolocationProvider.sys.mjs", 393))
console.error: (new TypeError(" is not a valid URL.", "resource://gre/modules/NetworkGeolocationProvider.sys.mjs", 393))
console.error: (new TypeError(" is not a valid URL.", "resource://gre/modules/NetworkGeolocationProvider.sys.mjs", 393))
console.error: (new TypeError(" is not a valid URL.", "resource://gre/modules/NetworkGeolocationProvider.sys.mjs", 393))
console.error: (new TypeError(" is not a valid URL.", "resource://gre/modules/NetworkGeolocationProvider.sys.mjs", 393))
console.error: (new TypeError(" is not a valid URL.", "resource://gre/modules/NetworkGeolocationProvider.sys.mjs", 393))
console.error: (new TypeError(" is not a valid URL.", "resource://gre/modules/NetworkGeolocationProvider.sys.mjs", 393))
console.error: (new TypeError(" is not a valid URL.", "resource://gre/modules/NetworkGeolocationProvider.sys.mjs", 393))
console.error: (new TypeError(" is not a valid URL.", "resource://gre/modules/NetworkGeolocationProvider.sys.mjs", 393))
console.error: (new TypeError(" is not a valid URL.", "resource://gre/modules/NetworkGeolocationProvider.sys.mjs", 393))
console.error: (new TypeError(" is not a valid URL.", "resource://gre/modules/NetworkGeolocationProvider.sys.mjs", 393))
console.error: (new TypeError(" is not a valid URL.", "resource://gre/modules/NetworkGeolocationProvider.sys.mjs", 393))
console.error: (new TypeError(" is not a valid URL.", "resource://gre/modules/NetworkGeolocationProvider.sys.mjs", 393))
[0.161] [PARSE ERROR] Unknown terminfo property: query-os-name
The XKEYBOARD keymap compiler (xkbcomp) reports:
> Warning:          Unsupported maximum keycode 709, clipping.
>                   X11 cannot support keycodes above 255.
> Warning:          Virtual modifier Hyper multiply defined
>                   Using 0, ignoring 0
> Warning:          Virtual modifier ScrollLock multiply defined
>                   Using 0, ignoring 0
Errors from xkbcomp are not fatal to the X server
The XKEYBOARD keymap compiler (xkbcomp) reports:
> Warning:          Unsupported maximum keycode 709, clipping.
>                   X11 cannot support keycodes above 255.
> Warning:          Virtual modifier Hyper multiply defined
>                   Using 0, ignoring 0
> Warning:          Virtual modifier ScrollLock multiply defined
>                   Using 0, ignoring 0
Errors from xkbcomp are not fatal to the X server
The XKEYBOARD keymap compiler (xkbcomp) reports:
> Warning:          Unsupported maximum keycode 709, clipping.
>                   X11 cannot support keycodes above 255.
> Warning:          Virtual modifier Hyper multiply defined
>                   Using 0, ignoring 0
> Warning:          Virtual modifier ScrollLock multiply defined
>                   Using 0, ignoring 0
Errors from xkbcomp are not fatal to the X server
console.error: (new TypeError(" is not a valid URL.", "resource://gre/modules/NetworkGeolocationProvider.sys.mjs", 393))
console.error: (new TypeError(" is not a valid URL.", "resource://gre/modules/NetworkGeolocationProvider.sys.mjs", 393))
console.error: (new TypeError(" is not a valid URL.", "resource://gre/modules/NetworkGeolocationProvider.sys.mjs", 393))
console.error: (new TypeError(" is not a valid URL.", "resource://gre/modules/NetworkGeolocationProvider.sys.mjs", 393))
console.error: (new TypeError(" is not a valid URL.", "resource://gre/modules/NetworkGeolocationProvider.sys.mjs", 393))
console.error: (new TypeError(" is not a valid URL.", "resource://gre/modules/NetworkGeolocationProvider.sys.mjs", 393))
console.error: (new TypeError(" is not a valid URL.", "resource://gre/modules/NetworkGeolocationProvider.sys.mjs", 393))
console.error: (new TypeError(" is not a valid URL.", "resource://gre/modules/NetworkGeolocationProvider.sys.mjs", 393))
console.error: (new TypeError(" is not a valid URL.", "resource://gre/modules/NetworkGeolocationProvider.sys.mjs", 393))
[14.617] [PARSE ERROR] Escape codes to resize text area are not supported
console.error: (new TypeError(" is not a valid URL.", "resource://gre/modules/NetworkGeolocationProvider.sys.mjs", 393))
console.error: (new TypeError(" is not a valid URL.", "resource://gre/modules/NetworkGeolocationProvider.sys.mjs", 393))
console.error: (new TypeError(" is not a valid URL.", "resource://gre/modules/NetworkGeolocationProvider.sys.mjs", 393))
console.error: (new TypeError(" is not a valid URL.", "resource://gre/modules/NetworkGeolocationProvider.sys.mjs", 393))
console.error: (new TypeError(" is not a valid URL.", "resource://gre/modules/NetworkGeolocationProvider.sys.mjs", 393))
console.error: (new TypeError(" is not a valid URL.", "resource://gre/modules/NetworkGeolocationProvider.sys.mjs", 393))
console.error: (new TypeError(" is not a valid URL.", "resource://gre/modules/NetworkGeolocationProvider.sys.mjs", 393))
console.error: (new TypeError(" is not a valid URL.", "resource://gre/modules/NetworkGeolocationProvider.sys.mjs", 393))
console.error: (new TypeError(" is not a valid URL.", "resource://gre/modules/NetworkGeolocationProvider.sys.mjs", 393))
The XKEYBOARD keymap compiler (xkbcomp) reports:
> Warning:          Unsupported maximum keycode 709, clipping.
>                   X11 cannot support keycodes above 255.
> Warning:          Virtual modifier Hyper multiply defined
>                   Using 0, ignoring 0
> Warning:          Virtual modifier ScrollLock multiply defined
>                   Using 0, ignoring 0
Errors from xkbcomp are not fatal to the X server
console.error: (new TypeError(" is not a valid URL.", "resource://gre/modules/NetworkGeolocationProvider.sys.mjs", 393))
console.error: (new TypeError(" is not a valid URL.", "resource://gre/modules/NetworkGeolocationProvider.sys.mjs", 393))
console.error: (new TypeError(" is not a valid URL.", "resource://gre/modules/NetworkGeolocationProvider.sys.mjs", 393))
console.error: (new TypeError(" is not a valid URL.", "resource://gre/modules/NetworkGeolocationProvider.sys.mjs", 393))
console.error: (new TypeError(" is not a valid URL.", "resource://gre/modules/NetworkGeolocationProvider.sys.mjs", 393))
console.error: (new TypeError(" is not a valid URL.", "resource://gre/modules/NetworkGeolocationProvider.sys.mjs", 393))
console.error: (new TypeError(" is not a valid URL.", "resource://gre/modules/NetworkGeolocationProvider.sys.mjs", 393))
console.error: (new TypeError(" is not a valid URL.", "resource://gre/modules/NetworkGeolocationProvider.sys.mjs", 393))
console.error: (new TypeError(" is not a valid URL.", "resource://gre/modules/NetworkGeolocationProvider.sys.mjs", 393))
console.error: (new TypeError(" is not a valid URL.", "resource://gre/modules/NetworkGeolocationProvider.sys.mjs", 393))
console.error: (new TypeError(" is not a valid URL.", "resource://gre/modules/NetworkGeolocationProvider.sys.mjs", 393))
console.error: (new TypeError(" is not a valid URL.", "resource://gre/modules/NetworkGeolocationProvider.sys.mjs", 393))
console.error: (new TypeError(" is not a valid URL.", "resource://gre/modules/NetworkGeolocationProvider.sys.mjs", 393))
console.error: (new TypeError(" is not a valid URL.", "resource://gre/modules/NetworkGeolocationProvider.sys.mjs", 393))
console.error: (new TypeError(" is not a valid URL.", "resource://gre/modules/NetworkGeolocationProvider.sys.mjs", 393))
The XKEYBOARD keymap compiler (xkbcomp) reports:
> Warning:          Unsupported maximum keycode 709, clipping.
>                   X11 cannot support keycodes above 255.
> Warning:          Virtual modifier Hyper multiply defined
>                   Using 0, ignoring 0
> Warning:          Virtual modifier ScrollLock multiply defined
>                   Using 0, ignoring 0
Errors from xkbcomp are not fatal to the X server
console.error: (new TypeError(" is not a valid URL.", "resource://gre/modules/NetworkGeolocationProvider.sys.mjs", 393))
console.error: (new TypeError(" is not a valid URL.", "resource://gre/modules/NetworkGeolocationProvider.sys.mjs", 393))
console.error: (new TypeError(" is not a valid URL.", "resource://gre/modules/NetworkGeolocationProvider.sys.mjs", 393))
console.error: (new TypeError(" is not a valid URL.", "resource://gre/modules/NetworkGeolocationProvider.sys.mjs", 393))
console.error: (new TypeError(" is not a valid URL.", "resource://gre/modules/NetworkGeolocationProvider.sys.mjs", 393))
console.error: (new TypeError(" is not a valid URL.", "resource://gre/modules/NetworkGeolocationProvider.sys.mjs", 393))
console.error: (new TypeError(" is not a valid URL.", "resource://gre/modules/NetworkGeolocationProvider.sys.mjs", 393))
console.error: (new TypeError(" is not a valid URL.", "resource://gre/modules/NetworkGeolocationProvider.sys.mjs", 393))
console.error: (new TypeError(" is not a valid URL.", "resource://gre/modules/NetworkGeolocationProvider.sys.mjs", 393))
console.error: (new TypeError(" is not a valid URL.", "resource://gre/modules/NetworkGeolocationProvider.sys.mjs", 393))
console.error: (new TypeError(" is not a valid URL.", "resource://gre/modules/NetworkGeolocationProvider.sys.mjs", 393))
console.error: (new TypeError(" is not a valid URL.", "resource://gre/modules/NetworkGeolocationProvider.sys.mjs", 393))
console.error: (new TypeError(" is not a valid URL.", "resource://gre/modules/NetworkGeolocationProvider.sys.mjs", 393))
console.error: (new TypeError(" is not a valid URL.", "resource://gre/modules/NetworkGeolocationProvider.sys.mjs", 393))
console.error: (new TypeError(" is not a valid URL.", "resource://gre/modules/NetworkGeolocationProvider.sys.mjs", 393))
console.error: (new TypeError(" is not a valid URL.", "resource://gre/modules/NetworkGeolocationProvider.sys.mjs", 393))
console.error: (new TypeError(" is not a valid URL.", "resource://gre/modules/NetworkGeolocationProvider.sys.mjs", 393))
console.error: (new TypeError(" is not a valid URL.", "resource://gre/modules/NetworkGeolocationProvider.sys.mjs", 393))
console.error: (new TypeError(" is not a valid URL.", "resource://gre/modules/NetworkGeolocationProvider.sys.mjs", 393))
console.error: (new TypeError(" is not a valid URL.", "resource://gre/modules/NetworkGeolocationProvider.sys.mjs", 393))
console.error: (new TypeError(" is not a valid URL.", "resource://gre/modules/NetworkGeolocationProvider.sys.mjs", 393))
console.error: (new TypeError(" is not a valid URL.", "resource://gre/modules/NetworkGeolocationProvider.sys.mjs", 393))
console.error: (new TypeError(" is not a valid URL.", "resource://gre/modules/NetworkGeolocationProvider.sys.mjs", 393))
console.error: (new TypeError(" is not a valid URL.", "resource://gre/modules/NetworkGeolocationProvider.sys.mjs", 393))
console.error: (new TypeError(" is not a valid URL.", "resource://gre/modules/NetworkGeolocationProvider.sys.mjs", 393))
console.error: (new TypeError(" is not a valid URL.", "resource://gre/modules/NetworkGeolocationProvider.sys.mjs", 393))
console.error: (new TypeError(" is not a valid URL.", "resource://gre/modules/NetworkGeolocationProvider.sys.mjs", 393))
console.error: (new TypeError(" is not a valid URL.", "resource://gre/modules/NetworkGeolocationProvider.sys.mjs", 393))
console.error: (new TypeError(" is not a valid URL.", "resource://gre/modules/NetworkGeolocationProvider.sys.mjs", 393))
console.error: (new TypeError(" is not a valid URL.", "resource://gre/modules/NetworkGeolocationProvider.sys.mjs", 393))
console.error: (new TypeError(" is not a valid URL.", "resource://gre/modules/NetworkGeolocationProvider.sys.mjs", 393))
console.error: (new TypeError(" is not a valid URL.", "resource://gre/modules/NetworkGeolocationProvider.sys.mjs", 393))
console.error: (new TypeError(" is not a valid URL.", "resource://gre/modules/NetworkGeolocationProvider.sys.mjs", 393))
console.error: (new TypeError(" is not a valid URL.", "resource://gre/modules/NetworkGeolocationProvider.sys.mjs", 393))
console.error: (new TypeError(" is not a valid URL.", "resource://gre/modules/NetworkGeolocationProvider.sys.mjs", 393))
console.error: (new TypeError(" is not a valid URL.", "resource://gre/modules/NetworkGeolocationProvider.sys.mjs", 393))
console.error: (new TypeError(" is not a valid URL.", "resource://gre/modules/NetworkGeolocationProvider.sys.mjs", 393))
console.error: (new TypeError(" is not a valid URL.", "resource://gre/modules/NetworkGeolocationProvider.sys.mjs", 393))
console.error: (new TypeError(" is not a valid URL.", "resource://gre/modules/NetworkGeolocationProvider.sys.mjs", 393))
console.error: (new TypeError(" is not a valid URL.", "resource://gre/modules/NetworkGeolocationProvider.sys.mjs", 393))
console.error: (new TypeError(" is not a valid URL.", "resource://gre/modules/NetworkGeolocationProvider.sys.mjs", 393))
console.error: (new TypeError(" is not a valid URL.", "resource://gre/modules/NetworkGeolocationProvider.sys.mjs", 393))
console.error: (new TypeError(" is not a valid URL.", "resource://gre/modules/NetworkGeolocationProvider.sys.mjs", 393))
console.error: (new TypeError(" is not a valid URL.", "resource://gre/modules/NetworkGeolocationProvider.sys.mjs", 393))
console.error: (new TypeError(" is not a valid URL.", "resource://gre/modules/NetworkGeolocationProvider.sys.mjs", 393))
console.error: (new TypeError(" is not a valid URL.", "resource://gre/modules/NetworkGeolocationProvider.sys.mjs", 393))
console.error: (new TypeError(" is not a valid URL.", "resource://gre/modules/NetworkGeolocationProvider.sys.mjs", 393))
console.error: (new TypeError(" is not a valid URL.", "resource://gre/modules/NetworkGeolocationProvider.sys.mjs", 393))
console.error: (new TypeError(" is not a valid URL.", "resource://gre/modules/NetworkGeolocationProvider.sys.mjs", 393))
console.error: (new TypeError(" is not a valid URL.", "resource://gre/modules/NetworkGeolocationProvider.sys.mjs", 393))
console.error: (new TypeError(" is not a valid URL.", "resource://gre/modules/NetworkGeolocationProvider.sys.mjs", 393))
The XKEYBOARD keymap compiler (xkbcomp) reports:
> Warning:          Unsupported maximum keycode 709, clipping.
>                   X11 cannot support keycodes above 255.
> Warning:          Virtual modifier Hyper multiply defined
>                   Using 0, ignoring 0
> Warning:          Virtual modifier ScrollLock multiply defined
>                   Using 0, ignoring 0
Errors from xkbcomp are not fatal to the X server
[976.614] [glfw error 65544]: Unknown keymap format: 0
[368.801] [glfw error 65544]: Unknown keymap format: 0
[833.958] [glfw error 65544]: Unknown keymap format: 0
The XKEYBOARD keymap compiler (xkbcomp) reports:
> Warning:          Unsupported maximum keycode 709, clipping.
>                   X11 cannot support keycodes above 255.
> Warning:          Virtual modifier Hyper multiply defined
>                   Using 0, ignoring 0
> Warning:          Virtual modifier ScrollLock multiply defined
>                   Using 0, ignoring 0
Errors from xkbcomp are not fatal to the X server
[140.786] [glfw error 65544]: Unknown keymap format: 0
[629.773] [glfw error 65544]: Unknown keymap format: 0
The XKEYBOARD keymap compiler (xkbcomp) reports:
> Warning:          Unsupported maximum keycode 709, clipping.
>                   X11 cannot support keycodes above 255.
> Warning:          Virtual modifier Hyper multiply defined
>                   Using 0, ignoring 0
> Warning:          Virtual modifier ScrollLock multiply defined
>                   Using 0, ignoring 0
Errors from xkbcomp are not fatal to the X server
The XKEYBOARD keymap compiler (xkbcomp) reports:
> Warning:          Unsupported maximum keycode 709, clipping.
>                   X11 cannot support keycodes above 255.
> Warning:          Virtual modifier Hyper multiply defined
>                   Using 0, ignoring 0
> Warning:          Virtual modifier ScrollLock multiply defined
>                   Using 0, ignoring 0
Errors from xkbcomp are not fatal to the X server
The XKEYBOARD keymap compiler (xkbcomp) reports:
> Warning:          Unsupported maximum keycode 709, clipping.
>                   X11 cannot support keycodes above 255.
> Warning:          Virtual modifier Hyper multiply defined
>                   Using 0, ignoring 0
> Warning:          Virtual modifier ScrollLock multiply defined
>                   Using 0, ignoring 0
Errors from xkbcomp are not fatal to the X server
The XKEYBOARD keymap compiler (xkbcomp) reports:
> Warning:          Unsupported maximum keycode 709, clipping.
>                   X11 cannot support keycodes above 255.
> Warning:          Virtual modifier Hyper multiply defined
>                   Using 0, ignoring 0
> Warning:          Virtual modifier ScrollLock multiply defined
>                   Using 0, ignoring 0
Errors from xkbcomp are not fatal to the X server
The XKEYBOARD keymap compiler (xkbcomp) reports:
> Warning:          Unsupported maximum keycode 709, clipping.
>                   X11 cannot support keycodes above 255.
> Warning:          Virtual modifier Hyper multiply defined
>                   Using 0, ignoring 0
> Warning:          Virtual modifier ScrollLock multiply defined
>                   Using 0, ignoring 0
Errors from xkbcomp are not fatal to the X server
console.error: (new TypeError(" is not a valid URL.", "resource://gre/modules/NetworkGeolocationProvider.sys.mjs", 393))
console.error: (new TypeError(" is not a valid URL.", "resource://gre/modules/NetworkGeolocationProvider.sys.mjs", 393))
The XKEYBOARD keymap compiler (xkbcomp) reports:
> Warning:          Unsupported maximum keycode 709, clipping.
>                   X11 cannot support keycodes above 255.
> Warning:          Virtual modifier Hyper multiply defined
>                   Using 0, ignoring 0
> Warning:          Virtual modifier ScrollLock multiply defined
>                   Using 0, ignoring 0
Errors from xkbcomp are not fatal to the X server
console.error: (new TypeError(" is not a valid URL.", "resource://gre/modules/NetworkGeolocationProvider.sys.mjs", 393))
The XKEYBOARD keymap compiler (xkbcomp) reports:
> Warning:          Unsupported maximum keycode 709, clipping.
>                   X11 cannot support keycodes above 255.
> Warning:          Virtual modifier Hyper multiply defined
>                   Using 0, ignoring 0
> Warning:          Virtual modifier ScrollLock multiply defined
>                   Using 0, ignoring 0
Errors from xkbcomp are not fatal to the X server
console.error: (new TypeError(" is not a valid URL.", "resource://gre/modules/NetworkGeolocationProvider.sys.mjs", 393))
console.error: (new TypeError(" is not a valid URL.", "resource://gre/modules/NetworkGeolocationProvider.sys.mjs", 393))
console.error: (new TypeError(" is not a valid URL.", "resource://gre/modules/NetworkGeolocationProvider.sys.mjs", 393))
The XKEYBOARD keymap compiler (xkbcomp) reports:
> Warning:          Unsupported maximum keycode 709, clipping.
>                   X11 cannot support keycodes above 255.
> Warning:          Virtual modifier Hyper multiply defined
>                   Using 0, ignoring 0
> Warning:          Virtual modifier ScrollLock multiply defined
>                   Using 0, ignoring 0
Errors from xkbcomp are not fatal to the X server
console.error: (new TypeError(" is not a valid URL.", "resource://gre/modules/NetworkGeolocationProvider.sys.mjs", 393))
console.error: (new TypeError(" is not a valid URL.", "resource://gre/modules/NetworkGeolocationProvider.sys.mjs", 393))
console.error: (new TypeError(" is not a valid URL.", "resource://gre/modules/NetworkGeolocationProvider.sys.mjs", 393))
JavaScript error: , line 0: TypeError: ServiceWorker script at https://github.com/assets-cdn/worker/service-worker-37e2c478811897c4.js?current_user=guilty-p01nt3r&errors_url=https%3A%2F%2Fapi.github.com%2F_private%2Fbrowser%2Ferrors&release=0febe0b2abcfda98b66de36d78730b086f33d5e4&actor_id=31125013&is_staff=false&analytics_collector_url=https%3A%2F%2Fcollector.github.com%2Fgithub%2Fcollect&module=true for scope https://github.com/ threw an exception during script evaluation.
console.error: (new TypeError(" is not a valid URL.", "resource://gre/modules/NetworkGeolocationProvider.sys.mjs", 393))
console.error: (new TypeError(" is not a valid URL.", "resource://gre/modules/NetworkGeolocationProvider.sys.mjs", 393))
console.error: (new TypeError(" is not a valid URL.", "resource://gre/modules/NetworkGeolocationProvider.sys.mjs", 393))
The XKEYBOARD keymap compiler (xkbcomp) reports:
> Warning:          Unsupported maximum keycode 709, clipping.
>                   X11 cannot support keycodes above 255.
> Warning:          Virtual modifier Hyper multiply defined
>                   Using 0, ignoring 0
> Warning:          Virtual modifier ScrollLock multiply defined
>                   Using 0, ignoring 0
Errors from xkbcomp are not fatal to the X server
The XKEYBOARD keymap compiler (xkbcomp) reports:
> Warning:          Unsupported maximum keycode 709, clipping.
>                   X11 cannot support keycodes above 255.
> Warning:          Virtual modifier Hyper multiply defined
>                   Using 0, ignoring 0
> Warning:          Virtual modifier ScrollLock multiply defined
>                   Using 0, ignoring 0
Errors from xkbcomp are not fatal to the X server
The XKEYBOARD keymap compiler (xkbcomp) reports:
> Warning:          Unsupported maximum keycode 709, clipping.
>                   X11 cannot support keycodes above 255.
> Warning:          Virtual modifier Hyper multiply defined
>                   Using 0, ignoring 0
> Warning:          Virtual modifier ScrollLock multiply defined
>                   Using 0, ignoring 0
Errors from xkbcomp are not fatal to the X server
console.error: (new TypeError(" is not a valid URL.", "resource://gre/modules/NetworkGeolocationProvider.sys.mjs", 393))
console.error: (new TypeError(" is not a valid URL.", "resource://gre/modules/NetworkGeolocationProvider.sys.mjs", 393))
console.error: (new TypeError(" is not a valid URL.", "resource://gre/modules/NetworkGeolocationProvider.sys.mjs", 393))
[655.450] [1002.302] [859.646] [glfw error 65544]: Unknown keymap format: 0
[glfw error 65544]: Unknown keymap format: 0
[glfw error 65544]: Unknown keymap format: 0
[394.489] [glfw error 65544]: Unknown keymap format: 0
The XKEYBOARD keymap compiler (xkbcomp) reports:
> Warning:          Unsupported maximum keycode 709, clipping.
>                   X11 cannot support keycodes above 255.
> Warning:          Virtual modifier Hyper multiply defined
>                   Using 0, ignoring 0
> Warning:          Virtual modifier ScrollLock multiply defined
>                   Using 0, ignoring 0
Errors from xkbcomp are not fatal to the X server
console.error: (new TypeError(" is not a valid URL.", "resource://gre/modules/NetworkGeolocationProvider.sys.mjs", 393))
console.error: (new TypeError(" is not a valid URL.", "resource://gre/modules/NetworkGeolocationProvider.sys.mjs", 393))
console.error: (new TypeError(" is not a valid URL.", "resource://gre/modules/NetworkGeolocationProvider.sys.mjs", 393))
The XKEYBOARD keymap compiler (xkbcomp) reports:
> Warning:          Unsupported maximum keycode 709, clipping.
>                   X11 cannot support keycodes above 255.
> Warning:          Virtual modifier Hyper multiply defined
>                   Using 0, ignoring 0
> Warning:          Virtual modifier ScrollLock multiply defined
>                   Using 0, ignoring 0
Errors from xkbcomp are not fatal to the X server
The XKEYBOARD keymap compiler (xkbcomp) reports:
> Warning:          Unsupported maximum keycode 709, clipping.
>                   X11 cannot support keycodes above 255.
> Warning:          Virtual modifier Hyper multiply defined
>                   Using 0, ignoring 0
> Warning:          Virtual modifier ScrollLock multiply defined
>                   Using 0, ignoring 0
Errors from xkbcomp are not fatal to the X server
console.error: (new TypeError(" is not a valid URL.", "resource://gre/modules/NetworkGeolocationProvider.sys.mjs", 393))
console.error: (new TypeError(" is not a valid URL.", "resource://gre/modules/NetworkGeolocationProvider.sys.mjs", 393))
console.error: (new TypeError(" is not a valid URL.", "resource://gre/modules/NetworkGeolocationProvider.sys.mjs", 393))
The XKEYBOARD keymap compiler (xkbcomp) reports:
> Warning:          Unsupported maximum keycode 709, clipping.
>                   X11 cannot support keycodes above 255.
> Warning:          Virtual modifier Hyper multiply defined
>                   Using 0, ignoring 0
> Warning:          Virtual modifier ScrollLock multiply defined
>                   Using 0, ignoring 0
Errors from xkbcomp are not fatal to the X server
[0.162] [PARSE ERROR] Unknown terminfo property: query-os-name
The XKEYBOARD keymap compiler (xkbcomp) reports:
> Warning:          Unsupported maximum keycode 709, clipping.
>                   X11 cannot support keycodes above 255.
> Warning:          Virtual modifier Hyper multiply defined
>                   Using 0, ignoring 0
> Warning:          Virtual modifier ScrollLock multiply defined
>                   Using 0, ignoring 0
Errors from xkbcomp are not fatal to the X server
The XKEYBOARD keymap compiler (xkbcomp) reports:
> Warning:          Unsupported maximum keycode 709, clipping.
>                   X11 cannot support keycodes above 255.
> Warning:          Virtual modifier Hyper multiply defined
>                   Using 0, ignoring 0
> Warning:          Virtual modifier ScrollLock multiply defined
>                   Using 0, ignoring 0
Errors from xkbcomp are not fatal to the X server
The XKEYBOARD keymap compiler (xkbcomp) reports:
> Warning:          Unsupported maximum keycode 709, clipping.
>                   X11 cannot support keycodes above 255.
> Warning:          Virtual modifier Hyper multiply defined
>                   Using 0, ignoring 0
> Warning:          Virtual modifier ScrollLock multiply defined
>                   Using 0, ignoring 0
Errors from xkbcomp are not fatal to the X server
console.error: (new TypeError(" is not a valid URL.", "resource://gre/modules/NetworkGeolocationProvider.sys.mjs", 393))
console.error: (new TypeError(" is not a valid URL.", "resource://gre/modules/NetworkGeolocationProvider.sys.mjs", 393))
console.error: (new TypeError(" is not a valid URL.", "resource://gre/modules/NetworkGeolocationProvider.sys.mjs", 393))
console.error: (new TypeError(" is not a valid URL.", "resource://gre/modules/NetworkGeolocationProvider.sys.mjs", 393))
console.error: (new TypeError(" is not a valid URL.", "resource://gre/modules/NetworkGeolocationProvider.sys.mjs", 393))
console.error: (new TypeError(" is not a valid URL.", "resource://gre/modules/NetworkGeolocationProvider.sys.mjs", 393))
console.error: (new TypeError(" is not a valid URL.", "resource://gre/modules/NetworkGeolocationProvider.sys.mjs", 393))
console.error: (new TypeError(" is not a valid URL.", "resource://gre/modules/NetworkGeolocationProvider.sys.mjs", 393))
console.error: (new TypeError(" is not a valid URL.", "resource://gre/modules/NetworkGeolocationProvider.sys.mjs", 393))
The XKEYBOARD keymap compiler (xkbcomp) reports:
> Warning:          Unsupported maximum keycode 709, clipping.
>                   X11 cannot support keycodes above 255.
> Warning:          Virtual modifier Hyper multiply defined
>                   Using 0, ignoring 0
> Warning:          Virtual modifier ScrollLock multiply defined
>                   Using 0, ignoring 0
Errors from xkbcomp are not fatal to the X server
console.error: (new TypeError(" is not a valid URL.", "resource://gre/modules/NetworkGeolocationProvider.sys.mjs", 393))
console.error: (new TypeError(" is not a valid URL.", "resource://gre/modules/NetworkGeolocationProvider.sys.mjs", 393))
console.error: (new TypeError(" is not a valid URL.", "resource://gre/modules/NetworkGeolocationProvider.sys.mjs", 393))
console.error: (new TypeError(" is not a valid URL.", "resource://gre/modules/NetworkGeolocationProvider.sys.mjs", 393))
console.error: (new TypeError(" is not a valid URL.", "resource://gre/modules/NetworkGeolocationProvider.sys.mjs", 393))
console.error: (new TypeError(" is not a valid URL.", "resource://gre/modules/NetworkGeolocationProvider.sys.mjs", 393))
console.error: (new TypeError(" is not a valid URL.", "resource://gre/modules/NetworkGeolocationProvider.sys.mjs", 393))
console.error: (new TypeError(" is not a valid URL.", "resource://gre/modules/NetworkGeolocationProvider.sys.mjs", 393))
console.error: (new TypeError(" is not a valid URL.", "resource://gre/modules/NetworkGeolocationProvider.sys.mjs", 393))
console.error: (new TypeError(" is not a valid URL.", "resource://gre/modules/NetworkGeolocationProvider.sys.mjs", 393))
console.error: (new TypeError(" is not a valid URL.", "resource://gre/modules/NetworkGeolocationProvider.sys.mjs", 393))
console.error: (new TypeError(" is not a valid URL.", "resource://gre/modules/NetworkGeolocationProvider.sys.mjs", 393))
The XKEYBOARD keymap compiler (xkbcomp) reports:
> Warning:          Unsupported maximum keycode 709, clipping.
>                   X11 cannot support keycodes above 255.
> Warning:          Virtual modifier Hyper multiply defined
>                   Using 0, ignoring 0
> Warning:          Virtual modifier ScrollLock multiply defined
>                   Using 0, ignoring 0
Errors from xkbcomp are not fatal to the X server
console.error: (new TypeError(" is not a valid URL.", "resource://gre/modules/NetworkGeolocationProvider.sys.mjs", 393))
console.error: (new TypeError(" is not a valid URL.", "resource://gre/modules/NetworkGeolocationProvider.sys.mjs", 393))
console.error: (new TypeError(" is not a valid URL.", "resource://gre/modules/NetworkGeolocationProvider.sys.mjs", 393))
console.error: (new TypeError(" is not a valid URL.", "resource://gre/modules/NetworkGeolocationProvider.sys.mjs", 393))
console.error: (new TypeError(" is not a valid URL.", "resource://gre/modules/NetworkGeolocationProvider.sys.mjs", 393))
console.error: (new TypeError(" is not a valid URL.", "resource://gre/modules/NetworkGeolocationProvider.sys.mjs", 393))
console.error: (new TypeError(" is not a valid URL.", "resource://gre/modules/NetworkGeolocationProvider.sys.mjs", 393))
console.error: (new TypeError(" is not a valid URL.", "resource://gre/modules/NetworkGeolocationProvider.sys.mjs", 393))
console.error: (new TypeError(" is not a valid URL.", "resource://gre/modules/NetworkGeolocationProvider.sys.mjs", 393))
console.error: (new TypeError(" is not a valid URL.", "resource://gre/modules/NetworkGeolocationProvider.sys.mjs", 393))
console.error: (new TypeError(" is not a valid URL.", "resource://gre/modules/NetworkGeolocationProvider.sys.mjs", 393))
console.error: (new TypeError(" is not a valid URL.", "resource://gre/modules/NetworkGeolocationProvider.sys.mjs", 393))
console.error: (new TypeError(" is not a valid URL.", "resource://gre/modules/NetworkGeolocationProvider.sys.mjs", 393))
console.error: (new TypeError(" is not a valid URL.", "resource://gre/modules/NetworkGeolocationProvider.sys.mjs", 393))
console.error: (new TypeError(" is not a valid URL.", "resource://gre/modules/NetworkGeolocationProvider.sys.mjs", 393))
The XKEYBOARD keymap compiler (xkbcomp) reports:
> Warning:          Unsupported maximum keycode 709, clipping.
>                   X11 cannot support keycodes above 255.
> Warning:          Virtual modifier Hyper multiply defined
>                   Using 0, ignoring 0
> Warning:          Virtual modifier ScrollLock multiply defined
>                   Using 0, ignoring 0
Errors from xkbcomp are not fatal to the X server
The XKEYBOARD keymap compiler (xkbcomp) reports:
> Warning:          Unsupported maximum keycode 709, clipping.
>                   X11 cannot support keycodes above 255.
> Warning:          Virtual modifier Hyper multiply defined
>                   Using 0, ignoring 0
> Warning:          Virtual modifier ScrollLock multiply defined
>                   Using 0, ignoring 0
Errors from xkbcomp are not fatal to the X server
[1069.499] [glfw error 65544]: Unknown keymap format: 0
[461.686] [glfw error 65544]: Unknown keymap format: 0
[59.074] [glfw error 65544]: Unknown keymap format: 0
[722.647] [glfw error 65544]: Unknown keymap format: 0
[926.843] [glfw error 65544]: Unknown keymap format: 0
The XKEYBOARD keymap compiler (xkbcomp) reports:
> Warning:          Unsupported maximum keycode 709, clipping.
>                   X11 cannot support keycodes above 255.
> Warning:          Virtual modifier Hyper multiply defined
>                   Using 0, ignoring 0
> Warning:          Virtual modifier ScrollLock multiply defined
>                   Using 0, ignoring 0
Errors from xkbcomp are not fatal to the X server
The XKEYBOARD keymap compiler (xkbcomp) reports:
> Warning:          Unsupported maximum keycode 709, clipping.
>                   X11 cannot support keycodes above 255.
> Warning:          Virtual modifier Hyper multiply defined
>                   Using 0, ignoring 0
> Warning:          Virtual modifier ScrollLock multiply defined
>                   Using 0, ignoring 0
Errors from xkbcomp are not fatal to the X server
console.error: (new TypeError(" is not a valid URL.", "resource://gre/modules/NetworkGeolocationProvider.sys.mjs", 393))
console.error: (new TypeError(" is not a valid URL.", "resource://gre/modules/NetworkGeolocationProvider.sys.mjs", 393))
console.error: (new TypeError(" is not a valid URL.", "resource://gre/modules/NetworkGeolocationProvider.sys.mjs", 393))
console.error: (new TypeError(" is not a valid URL.", "resource://gre/modules/NetworkGeolocationProvider.sys.mjs", 393))
console.error: (new TypeError(" is not a valid URL.", "resource://gre/modules/NetworkGeolocationProvider.sys.mjs", 393))
console.error: (new TypeError(" is not a valid URL.", "resource://gre/modules/NetworkGeolocationProvider.sys.mjs", 393))
console.error: (new TypeError(" is not a valid URL.", "resource://gre/modules/NetworkGeolocationProvider.sys.mjs", 393))
console.error: (new TypeError(" is not a valid URL.", "resource://gre/modules/NetworkGeolocationProvider.sys.mjs", 393))
console.error: (new TypeError(" is not a valid URL.", "resource://gre/modules/NetworkGeolocationProvider.sys.mjs", 393))
The XKEYBOARD keymap compiler (xkbcomp) reports:
> Warning:          Unsupported maximum keycode 709, clipping.
>                   X11 cannot support keycodes above 255.
> Warning:          Virtual modifier Hyper multiply defined
>                   Using 0, ignoring 0
> Warning:          Virtual modifier ScrollLock multiply defined
>                   Using 0, ignoring 0
Errors from xkbcomp are not fatal to the X server
console.error: (new TypeError(" is not a valid URL.", "resource://gre/modules/NetworkGeolocationProvider.sys.mjs", 393))
console.error: (new TypeError(" is not a valid URL.", "resource://gre/modules/NetworkGeolocationProvider.sys.mjs", 393))
console.error: (new TypeError(" is not a valid URL.", "resource://gre/modules/NetworkGeolocationProvider.sys.mjs", 393))
console.error: (new TypeError(" is not a valid URL.", "resource://gre/modules/NetworkGeolocationProvider.sys.mjs", 393))
console.error: (new TypeError(" is not a valid URL.", "resource://gre/modules/NetworkGeolocationProvider.sys.mjs", 393))
console.error: (new TypeError(" is not a valid URL.", "resource://gre/modules/NetworkGeolocationProvider.sys.mjs", 393))
console.error: (new TypeError(" is not a valid URL.", "resource://gre/modules/NetworkGeolocationProvider.sys.mjs", 393))
console.error: (new TypeError(" is not a valid URL.", "resource://gre/modules/NetworkGeolocationProvider.sys.mjs", 393))
console.error: (new TypeError(" is not a valid URL.", "resource://gre/modules/NetworkGeolocationProvider.sys.mjs", 393))
console.error: (new TypeError(" is not a valid URL.", "resource://gre/modules/NetworkGeolocationProvider.sys.mjs", 393))
console.error: (new TypeError(" is not a valid URL.", "resource://gre/modules/NetworkGeolocationProvider.sys.mjs", 393))
console.error: (new TypeError(" is not a valid URL.", "resource://gre/modules/NetworkGeolocationProvider.sys.mjs", 393))
console.error: (new TypeError(" is not a valid URL.", "resource://gre/modules/NetworkGeolocationProvider.sys.mjs", 393))
console.error: (new TypeError(" is not a valid URL.", "resource://gre/modules/NetworkGeolocationProvider.sys.mjs", 393))
console.error: (new TypeError(" is not a valid URL.", "resource://gre/modules/NetworkGeolocationProvider.sys.mjs", 393))
console.error: (new TypeError(" is not a valid URL.", "resource://gre/modules/NetworkGeolocationProvider.sys.mjs", 393))
console.error: (new TypeError(" is not a valid URL.", "resource://gre/modules/NetworkGeolocationProvider.sys.mjs", 393))
console.error: (new TypeError(" is not a valid URL.", "resource://gre/modules/NetworkGeolocationProvider.sys.mjs", 393))
console.error: (new TypeError(" is not a valid URL.", "resource://gre/modules/NetworkGeolocationProvider.sys.mjs", 393))
console.error: (new TypeError(" is not a valid URL.", "resource://gre/modules/NetworkGeolocationProvider.sys.mjs", 393))
console.error: (new TypeError(" is not a valid URL.", "resource://gre/modules/NetworkGeolocationProvider.sys.mjs", 393))
rofi: error while loading shared libraries: libxcb-imdkit.so.1: cannot open shared object file: No such file or directory
rofi: error while loading shared libraries: libxcb-imdkit.so.1: cannot open shared object file: No such file or directory
rofi: error while loading shared libraries: libxcb-imdkit.so.1: cannot open shared object file: No such file or directory
rofi: error while loading shared libraries: libxcb-imdkit.so.1: cannot open shared object file: No such file or directory
The XKEYBOARD keymap compiler (xkbcomp) reports:
> Warning:          Unsupported maximum keycode 709, clipping.
>                   X11 cannot support keycodes above 255.
> Warning:          Virtual modifier Hyper multiply defined
>                   Using 0, ignoring 0
> Warning:          Virtual modifier ScrollLock multiply defined
>                   Using 0, ignoring 0
Errors from xkbcomp are not fatal to the X server
The XKEYBOARD keymap compiler (xkbcomp) reports:
> Warning:          Unsupported maximum keycode 709, clipping.
>                   X11 cannot support keycodes above 255.
> Warning:          Virtual modifier Hyper multiply defined
>                   Using 0, ignoring 0
> Warning:          Virtual modifier ScrollLock multiply defined
>                   Using 0, ignoring 0
Errors from xkbcomp are not fatal to the X server
[1120.409] [977.753] [glfw error 65544]: Unknown keymap format: 0
[glfw error 65544]: Unknown keymap format: 0
[773.557] [glfw error 65544]: Unknown keymap format: 0
[512.596] [glfw error 65544]: Unknown keymap format: 0
[109.984] [glfw error 65544]: Unknown keymap format: 0
The XKEYBOARD keymap compiler (xkbcomp) reports:
> Warning:          Unsupported maximum keycode 709, clipping.
>                   X11 cannot support keycodes above 255.
> Warning:          Virtual modifier Hyper multiply defined
>                   Using 0, ignoring 0
> Warning:          Virtual modifier ScrollLock multiply defined
>                   Using 0, ignoring 0
Errors from xkbcomp are not fatal to the X server
rofi: error while loading shared libraries: libxcb-imdkit.so.1: cannot open shared object file: No such file or directory
rofi: error while loading shared libraries: libxcb-imdkit.so.1: cannot open shared object file: No such file or directory
rofi: error while loading shared libraries: libxcb-imdkit.so.1: cannot open shared object file: No such file or directory
rofi: error while loading shared libraries: libxcb-imdkit.so.1: cannot open shared object file: No such file or directory
The XKEYBOARD keymap compiler (xkbcomp) reports:
> Warning:          Unsupported maximum keycode 709, clipping.
>                   X11 cannot support keycodes above 255.
> Warning:          Virtual modifier Hyper multiply defined
>                   Using 0, ignoring 0
> Warning:          Virtual modifier ScrollLock multiply defined
>                   Using 0, ignoring 0
Errors from xkbcomp are not fatal to the X server
rofi: error while loading shared libraries: libxcb-imdkit.so.1: cannot open shared object file: No such file or directory
rofi: error while loading shared libraries: libxcb-imdkit.so.1: cannot open shared object file: No such file or directory
rofi: error while loading shared libraries: libxcb-imdkit.so.1: cannot open shared object file: No such file or directory
console.error: (new TypeError(" is not a valid URL.", "resource://gre/modules/NetworkGeolocationProvider.sys.mjs", 393))
console.error: (new TypeError(" is not a valid URL.", "resource://gre/modules/NetworkGeolocationProvider.sys.mjs", 393))
console.error: (new TypeError(" is not a valid URL.", "resource://gre/modules/NetworkGeolocationProvider.sys.mjs", 393))
The XKEYBOARD keymap compiler (xkbcomp) reports:
> Warning:          Unsupported maximum keycode 709, clipping.
>                   X11 cannot support keycodes above 255.
> Warning:          Virtual modifier Hyper multiply defined
>                   Using 0, ignoring 0
> Warning:          Virtual modifier ScrollLock multiply defined
>                   Using 0, ignoring 0
Errors from xkbcomp are not fatal to the X server
The XKEYBOARD keymap compiler (xkbcomp) reports:
> Warning:          Unsupported maximum keycode 709, clipping.
>                   X11 cannot support keycodes above 255.
> Warning:          Virtual modifier Hyper multiply defined
>                   Using 0, ignoring 0
> Warning:          Virtual modifier ScrollLock multiply defined
>                   Using 0, ignoring 0
Errors from xkbcomp are not fatal to the X server
The XKEYBOARD keymap compiler (xkbcomp) reports:
> Warning:          Unsupported maximum keycode 709, clipping.
>                   X11 cannot support keycodes above 255.
> Warning:          Virtual modifier Hyper multiply defined
>                   Using 0, ignoring 0
> Warning:          Virtual modifier ScrollLock multiply defined
>                   Using 0, ignoring 0
Errors from xkbcomp are not fatal to the X server
The XKEYBOARD keymap compiler (xkbcomp) reports:
> Warning:          Unsupported maximum keycode 709, clipping.
>                   X11 cannot support keycodes above 255.
> Warning:          Virtual modifier Hyper multiply defined
>                   Using 0, ignoring 0
> Warning:          Virtual modifier ScrollLock multiply defined
>                   Using 0, ignoring 0
Errors from xkbcomp are not fatal to the X server
The XKEYBOARD keymap compiler (xkbcomp) reports:
> Warning:          Unsupported maximum keycode 709, clipping.
>                   X11 cannot support keycodes above 255.
> Warning:          Virtual modifier Hyper multiply defined
>                   Using 0, ignoring 0
> Warning:          Virtual modifier ScrollLock multiply defined
>                   Using 0, ignoring 0
Errors from xkbcomp are not fatal to the X server
[0.157] [PARSE ERROR] Unknown terminfo property: query-os-name
The XKEYBOARD keymap compiler (xkbcomp) reports:
> Warning:          Unsupported maximum keycode 709, clipping.
>                   X11 cannot support keycodes above 255.
> Warning:          Virtual modifier Hyper multiply defined
>                   Using 0, ignoring 0
> Warning:          Virtual modifier ScrollLock multiply defined
>                   Using 0, ignoring 0
Errors from xkbcomp are not fatal to the X server
The XKEYBOARD keymap compiler (xkbcomp) reports:
> Warning:          Unsupported maximum keycode 709, clipping.
>                   X11 cannot support keycodes above 255.
> Warning:          Virtual modifier Hyper multiply defined
>                   Using 0, ignoring 0
> Warning:          Virtual modifier ScrollLock multiply defined
>                   Using 0, ignoring 0
Errors from xkbcomp are not fatal to the X server
console.error: (new TypeError(" is not a valid URL.", "resource://gre/modules/NetworkGeolocationProvider.sys.mjs", 393))
console.error: (new TypeError(" is not a valid URL.", "resource://gre/modules/NetworkGeolocationProvider.sys.mjs", 393))
console.error: (new TypeError(" is not a valid URL.", "resource://gre/modules/NetworkGeolocationProvider.sys.mjs", 393))
The XKEYBOARD keymap compiler (xkbcomp) reports:
> Warning:          Unsupported maximum keycode 709, clipping.
>                   X11 cannot support keycodes above 255.
> Warning:          Virtual modifier Hyper multiply defined
>                   Using 0, ignoring 0
> Warning:          Virtual modifier ScrollLock multiply defined
>                   Using 0, ignoring 0
Errors from xkbcomp are not fatal to the X server
[1129.158] [glfw error 65544]: Unknown keymap format: 0
[986.504] [glfw error 65544]: Unknown keymap format: 0
[118.735] [glfw error 65544]: Unknown keymap format: 0
The XKEYBOARD keymap compiler (xkbcomp) reports:
> Warning:          Unsupported maximum keycode 709, clipping.
>                   X11 cannot support keycodes above 255.
> Warning:          Virtual modifier Hyper multiply defined
>                   Using 0, ignoring 0
> Warning:          Virtual modifier ScrollLock multiply defined
>                   Using 0, ignoring 0
Errors from xkbcomp are not fatal to the X server
[521.349] [glfw error 65544]: Unknown keymap format: 0
[782.311] [glfw error 65544]: Unknown keymap format: 0
The XKEYBOARD keymap compiler (xkbcomp) reports:
> Warning:          Unsupported maximum keycode 709, clipping.
>                   X11 cannot support keycodes above 255.
> Warning:          Virtual modifier Hyper multiply defined
>                   Using 0, ignoring 0
> Warning:          Virtual modifier ScrollLock multiply defined
>                   Using 0, ignoring 0
Errors from xkbcomp are not fatal to the X server
The XKEYBOARD keymap compiler (xkbcomp) reports:
> Warning:          Unsupported maximum keycode 709, clipping.
>                   X11 cannot support keycodes above 255.
> Warning:          Virtual modifier Hyper multiply defined
>                   Using 0, ignoring 0
> Warning:          Virtual modifier ScrollLock multiply defined
>                   Using 0, ignoring 0
Errors from xkbcomp are not fatal to the X server
[0.159] [PARSE ERROR] Unknown terminfo property: query-os-name
[0.161] [PARSE ERROR] Unknown terminfo property: query-os-name
The XKEYBOARD keymap compiler (xkbcomp) reports:
> Warning:          Unsupported maximum keycode 709, clipping.
>                   X11 cannot support keycodes above 255.
> Warning:          Virtual modifier Hyper multiply defined
>                   Using 0, ignoring 0
> Warning:          Virtual modifier ScrollLock multiply defined
>                   Using 0, ignoring 0
Errors from xkbcomp are not fatal to the X server
The XKEYBOARD keymap compiler (xkbcomp) reports:
> Warning:          Unsupported maximum keycode 709, clipping.
>                   X11 cannot support keycodes above 255.
> Warning:          Virtual modifier Hyper multiply defined
>                   Using 0, ignoring 0
> Warning:          Virtual modifier ScrollLock multiply defined
>                   Using 0, ignoring 0
Errors from xkbcomp are not fatal to the X server
[990.579] [glfw error 65544]: Unknown keymap format: 0
[3.286] [glfw error 65544]: Unknown keymap format: 0
The XKEYBOARD keymap compiler (xkbcomp) reports:
> Warning:          Unsupported maximum keycode 709, clipping.
>                   X11 cannot support keycodes above 255.
> Warning:          Virtual modifier Hyper multiply defined
>                   Using 0, ignoring 0
> Warning:          Virtual modifier ScrollLock multiply defined
>                   Using 0, ignoring 0
Errors from xkbcomp are not fatal to the X server
[1133.239] [glfw error 65544]: Unknown keymap format: 0
[786.388] [glfw error 65544]: Unknown keymap format: 0
[525.429] [glfw error 65544]: Unknown keymap format: 0
The XKEYBOARD keymap compiler (xkbcomp) reports:
> Warning:          Unsupported maximum keycode 709, clipping.
>                   X11 cannot support keycodes above 255.
> Warning:          Virtual modifier Hyper multiply defined
>                   Using 0, ignoring 0
> Warning:          Virtual modifier ScrollLock multiply defined
>                   Using 0, ignoring 0
Errors from xkbcomp are not fatal to the X server
The XKEYBOARD keymap compiler (xkbcomp) reports:
> Warning:          Unsupported maximum keycode 709, clipping.
>                   X11 cannot support keycodes above 255.
> Warning:          Virtual modifier Hyper multiply defined
>                   Using 0, ignoring 0
> Warning:          Virtual modifier ScrollLock multiply defined
>                   Using 0, ignoring 0
Errors from xkbcomp are not fatal to the X server
console.error: (new TypeError(" is not a valid URL.", "resource://gre/modules/NetworkGeolocationProvider.sys.mjs", 393))
console.error: (new TypeError(" is not a valid URL.", "resource://gre/modules/NetworkGeolocationProvider.sys.mjs", 393))
console.error: (new TypeError(" is not a valid URL.", "resource://gre/modules/NetworkGeolocationProvider.sys.mjs", 393))
The XKEYBOARD keymap compiler (xkbcomp) reports:
> Warning:          Unsupported maximum keycode 709, clipping.
>                   X11 cannot support keycodes above 255.
> Warning:          Virtual modifier Hyper multiply defined
>                   Using 0, ignoring 0
> Warning:          Virtual modifier ScrollLock multiply defined
>                   Using 0, ignoring 0
Errors from xkbcomp are not fatal to the X server
The XKEYBOARD keymap compiler (xkbcomp) reports:
> Warning:          Unsupported maximum keycode 709, clipping.
>                   X11 cannot support keycodes above 255.
> Warning:          Virtual modifier Hyper multiply defined
>                   Using 0, ignoring 0
> Warning:          Virtual modifier ScrollLock multiply defined
>                   Using 0, ignoring 0
Errors from xkbcomp are not fatal to the X server
The XKEYBOARD keymap compiler (xkbcomp) reports:
> Warning:          Unsupported maximum keycode 709, clipping.
>                   X11 cannot support keycodes above 255.
> Warning:          Virtual modifier Hyper multiply defined
>                   Using 0, ignoring 0
> Warning:          Virtual modifier ScrollLock multiply defined
>                   Using 0, ignoring 0
Errors from xkbcomp are not fatal to the X server
The XKEYBOARD keymap compiler (xkbcomp) reports:
> Warning:          Unsupported maximum keycode 709, clipping.
>                   X11 cannot support keycodes above 255.
> Warning:          Virtual modifier Hyper multiply defined
>                   Using 0, ignoring 0
> Warning:          Virtual modifier ScrollLock multiply defined
>                   Using 0, ignoring 0
Errors from xkbcomp are not fatal to the X server
console.error: (new TypeError(" is not a valid URL.", "resource://gre/modules/NetworkGeolocationProvider.sys.mjs", 393))
console.error: (new TypeError(" is not a valid URL.", "resource://gre/modules/NetworkGeolocationProvider.sys.mjs", 393))
console.error: (new TypeError(" is not a valid URL.", "resource://gre/modules/NetworkGeolocationProvider.sys.mjs", 393))
The XKEYBOARD keymap compiler (xkbcomp) reports:
> Warning:          Unsupported maximum keycode 709, clipping.
>                   X11 cannot support keycodes above 255.
> Warning:          Virtual modifier Hyper multiply defined
>                   Using 0, ignoring 0
> Warning:          Virtual modifier ScrollLock multiply defined
>                   Using 0, ignoring 0
Errors from xkbcomp are not fatal to the X server
console.error: (new TypeError(" is not a valid URL.", "resource://gre/modules/NetworkGeolocationProvider.sys.mjs", 393))
console.error: (new TypeError(" is not a valid URL.", "resource://gre/modules/NetworkGeolocationProvider.sys.mjs", 393))
console.error: (new TypeError(" is not a valid URL.", "resource://gre/modules/NetworkGeolocationProvider.sys.mjs", 393))
console.error: (new TypeError(" is not a valid URL.", "resource://gre/modules/NetworkGeolocationProvider.sys.mjs", 393))
console.error: (new TypeError(" is not a valid URL.", "resource://gre/modules/NetworkGeolocationProvider.sys.mjs", 393))
console.error: (new TypeError(" is not a valid URL.", "resource://gre/modules/NetworkGeolocationProvider.sys.mjs", 393))
The XKEYBOARD keymap compiler (xkbcomp) reports:
> Warning:          Unsupported maximum keycode 709, clipping.
>                   X11 cannot support keycodes above 255.
> Warning:          Virtual modifier Hyper multiply defined
>                   Using 0, ignoring 0
> Warning:          Virtual modifier ScrollLock multiply defined
>                   Using 0, ignoring 0
Errors from xkbcomp are not fatal to the X server
The XKEYBOARD keymap compiler (xkbcomp) reports:
> Warning:          Unsupported maximum keycode 709, clipping.
>                   X11 cannot support keycodes above 255.
> Warning:          Virtual modifier Hyper multiply defined
>                   Using 0, ignoring 0
> Warning:          Virtual modifier ScrollLock multiply defined
>                   Using 0, ignoring 0
[1152.522] [glfw error 65544]: Unknown keymap format: 0
Errors from xkbcomp are not fatal to the X server
[1009.868] [glfw error 65544]: Unknown keymap format: 0
[805.676] [glfw error 65544]: Unknown keymap format: 0
The XKEYBOARD keymap compiler (xkbcomp) reports:
> Warning:          Unsupported maximum keycode 709, clipping.
>                   X11 cannot support keycodes above 255.
> Warning:          Virtual modifier Hyper multiply defined
>                   Using 0, ignoring 0
> Warning:          Virtual modifier ScrollLock multiply defined
>                   Using 0, ignoring 0
Errors from xkbcomp are not fatal to the X server
[0.157] [PARSE ERROR] Unknown terminfo property: query-os-name
The XKEYBOARD keymap compiler (xkbcomp) reports:
> Warning:          Unsupported maximum keycode 709, clipping.
>                   X11 cannot support keycodes above 255.
> Warning:          Virtual modifier Hyper multiply defined
>                   Using 0, ignoring 0
> Warning:          Virtual modifier ScrollLock multiply defined
>                   Using 0, ignoring 0
Errors from xkbcomp are not fatal to the X server
The XKEYBOARD keymap compiler (xkbcomp) reports:
> Warning:          Unsupported maximum keycode 709, clipping.
>                   X11 cannot support keycodes above 255.
> Warning:          Virtual modifier Hyper multiply defined
>                   Using 0, ignoring 0
> Warning:          Virtual modifier ScrollLock multiply defined
>                   Using 0, ignoring 0
Errors from xkbcomp are not fatal to the X server
console.error: (new TypeError(" is not a valid URL.", "resource://gre/modules/NetworkGeolocationProvider.sys.mjs", 393))
console.error: (new TypeError(" is not a valid URL.", "resource://gre/modules/NetworkGeolocationProvider.sys.mjs", 393))
console.error: (new TypeError(" is not a valid URL.", "resource://gre/modules/NetworkGeolocationProvider.sys.mjs", 393))
The XKEYBOARD keymap compiler (xkbcomp) reports:
> Warning:          Unsupported maximum keycode 709, clipping.
>                   X11 cannot support keycodes above 255.
> Warning:          Virtual modifier Hyper multiply defined
>                   Using 0, ignoring 0
> Warning:          Virtual modifier ScrollLock multiply defined
>                   Using 0, ignoring 0
Errors from xkbcomp are not fatal to the X server
The XKEYBOARD keymap compiler (xkbcomp) reports:
> Warning:          Unsupported maximum keycode 709, clipping.
>                   X11 cannot support keycodes above 255.
> Warning:          Virtual modifier Hyper multiply defined
>                   Using 0, ignoring 0
> Warning:          Virtual modifier ScrollLock multiply defined
>                   Using 0, ignoring 0
Errors from xkbcomp are not fatal to the X server
The XKEYBOARD keymap compiler (xkbcomp) reports:
> Warning:          Unsupported maximum keycode 709, clipping.
>                   X11 cannot support keycodes above 255.
> Warning:          Virtual modifier Hyper multiply defined
>                   Using 0, ignoring 0
> Warning:          Virtual modifier ScrollLock multiply defined
>                   Using 0, ignoring 0
Errors from xkbcomp are not fatal to the X server
The XKEYBOARD keymap compiler (xkbcomp) reports:
> Warning:          Unsupported maximum keycode 709, clipping.
>                   X11 cannot support keycodes above 255.
> Warning:          Virtual modifier Hyper multiply defined
>                   Using 0, ignoring 0
> Warning:          Virtual modifier ScrollLock multiply defined
>                   Using 0, ignoring 0
Errors from xkbcomp are not fatal to the X server
The XKEYBOARD keymap compiler (xkbcomp) reports:
> Warning:          Unsupported maximum keycode 709, clipping.
>                   X11 cannot support keycodes above 255.
> Warning:          Virtual modifier Hyper multiply defined
>                   Using 0, ignoring 0
> Warning:          Virtual modifier ScrollLock multiply defined
>                   Using 0, ignoring 0
Errors from xkbcomp are not fatal to the X server
[1015.121] [glfw error 65544]: Unknown keymap format: 0
[810.925] [glfw error 65544]: Unknown keymap format: 0
[1157.779] [glfw error 65544]: Unknown keymap format: 0
The XKEYBOARD keymap compiler (xkbcomp) reports:
> Warning:          Unsupported maximum keycode 709, clipping.
>                   X11 cannot support keycodes above 255.
> Warning:          Virtual modifier Hyper multiply defined
>                   Using 0, ignoring 0
> Warning:          Virtual modifier ScrollLock multiply defined
>                   Using 0, ignoring 0
Errors from xkbcomp are not fatal to the X server
The XKEYBOARD keymap compiler (xkbcomp) reports:
> Warning:          Unsupported maximum keycode 709, clipping.
>                   X11 cannot support keycodes above 255.
> Warning:          Virtual modifier Hyper multiply defined
>                   Using 0, ignoring 0
> Warning:          Virtual modifier ScrollLock multiply defined
>                   Using 0, ignoring 0
Errors from xkbcomp are not fatal to the X server
console.error: (new TypeError(" is not a valid URL.", "resource://gre/modules/NetworkGeolocationProvider.sys.mjs", 393))
console.error: (new TypeError(" is not a valid URL.", "resource://gre/modules/NetworkGeolocationProvider.sys.mjs", 393))
console.error: (new TypeError(" is not a valid URL.", "resource://gre/modules/NetworkGeolocationProvider.sys.mjs", 393))
console.error: (new TypeError(" is not a valid URL.", "resource://gre/modules/NetworkGeolocationProvider.sys.mjs", 393))
console.error: (new TypeError(" is not a valid URL.", "resource://gre/modules/NetworkGeolocationProvider.sys.mjs", 393))
console.error: (new TypeError(" is not a valid URL.", "resource://gre/modules/NetworkGeolocationProvider.sys.mjs", 393))
rofi: error while loading shared libraries: libxcb-imdkit.so.1: cannot open shared object file: No such file or directory
rofi: error while loading shared libraries: libxcb-imdkit.so.1: cannot open shared object file: No such file or directory
rofi: error while loading shared libraries: libxcb-imdkit.so.1: cannot open shared object file: No such file or directory
rofi: error while loading shared libraries: libxcb-imdkit.so.1: cannot open shared object file: No such file or directory
The XKEYBOARD keymap compiler (xkbcomp) reports:
> Warning:          Unsupported maximum keycode 709, clipping.
>                   X11 cannot support keycodes above 255.
> Warning:          Virtual modifier Hyper multiply defined
>                   Using 0, ignoring 0
> Warning:          Virtual modifier ScrollLock multiply defined
>                   Using 0, ignoring 0
Errors from xkbcomp are not fatal to the X server
[1166.772] [glfw error 65544]: Unknown keymap format: 0
[1024.116] [glfw error 65544]: Unknown keymap format: 0
[819.921] [glfw error 65544]: Unknown keymap format: 0
The XKEYBOARD keymap compiler (xkbcomp) reports:
> Warning:          Unsupported maximum keycode 709, clipping.
>                   X11 cannot support keycodes above 255.
> Warning:          Virtual modifier Hyper multiply defined
>                   Using 0, ignoring 0
> Warning:          Virtual modifier ScrollLock multiply defined
>                   Using 0, ignoring 0
Errors from xkbcomp are not fatal to the X server
[0.117] [glfw error 65544]: Unknown keymap format: 0
The XKEYBOARD keymap compiler (xkbcomp) reports:
> Warning:          Unsupported maximum keycode 709, clipping.
>                   X11 cannot support keycodes above 255.
> Warning:          Virtual modifier Hyper multiply defined
>                   Using 0, ignoring 0
> Warning:          Virtual modifier ScrollLock multiply defined
>                   Using 0, ignoring 0
Errors from xkbcomp are not fatal to the X server
[0.156] [PARSE ERROR] Unknown terminfo property: query-os-name
The XKEYBOARD keymap compiler (xkbcomp) reports:
> Warning:          Unsupported maximum keycode 709, clipping.
>                   X11 cannot support keycodes above 255.
> Warning:          Virtual modifier Hyper multiply defined
>                   Using 0, ignoring 0
> Warning:          Virtual modifier ScrollLock multiply defined
>                   Using 0, ignoring 0
Errors from xkbcomp are not fatal to the X server
The XKEYBOARD keymap compiler (xkbcomp) reports:
> Warning:          Unsupported maximum keycode 709, clipping.
>                   X11 cannot support keycodes above 255.
> Warning:          Virtual modifier Hyper multiply defined
>                   Using 0, ignoring 0
> Warning:          Virtual modifier ScrollLock multiply defined
>                   Using 0, ignoring 0
Errors from xkbcomp are not fatal to the X server
[0.157] [PARSE ERROR] Unknown terminfo property: query-os-name
[1168.829] [glfw error 65544]: Unknown keymap format: 0
[1026.173] [glfw error 65544]: Unknown keymap format: 0
[821.977] [glfw error 65544]: Unknown keymap format: 0
[0.431] [glfw error 65544]: Unknown keymap format: 0
[2.130] [glfw error 65544]: Unknown keymap format: 0
console.error: (new TypeError(" is not a valid URL.", "resource://gre/modules/NetworkGeolocationProvider.sys.mjs", 393))
console.error: (new TypeError(" is not a valid URL.", "resource://gre/modules/NetworkGeolocationProvider.sys.mjs", 393))
console.error: (new TypeError(" is not a valid URL.", "resource://gre/modules/NetworkGeolocationProvider.sys.mjs", 393))
The XKEYBOARD keymap compiler (xkbcomp) reports:
> Warning:          Unsupported maximum keycode 709, clipping.
>                   X11 cannot support keycodes above 255.
> Warning:          Virtual modifier Hyper multiply defined
>                   Using 0, ignoring 0
> Warning:          Virtual modifier ScrollLock multiply defined
>                   Using 0, ignoring 0
Errors from xkbcomp are not fatal to the X server
